SampleSize,Set,sappalphas,sappbetas,sappalpha_ds,sappbeta_ds
1,1,17,2,50,0
1,2,14,3,33,8
1,3,13,2,59,7
1,4,26,5,37,0
1,5,17,3,52,6
1,6,22,4,45,1
1,7,24,1,64,7
1,8,24,2,47,3
1,9,26,2,51,0
1,10,11,2,33,9
1,11,21,2,43,9
1,12,23,2,45,9
1,13,22,8,46,0
1,14,17,1,47,8
1,15,24,1,61,0
1,16,18,2,50,0
1,17,22,3,33,1
1,18,18,4,50,8
1,19,21,3,52,5
1,20,21,1,44,6
10,1,17,2,50,0
10,1,17,5,60,0
10,1,18,1,70,7
10,1,25,2,45,0
10,1,17,1,41,8
10,1,35,1,66,0
10,1,38,2,42,2
10,1,23,4,39,8
10,1,14,4,61,3
10,1,18,3,63,8
10,2,14,3,33,8
10,2,19,1,60,7
10,2,23,2,57,7
10,2,19,1,66,3
10,2,20,1,45,2
10,2,24,3,46,8
10,2,22,1,53,4
10,2,24,1,37,8
10,2,22,2,56,8
10,2,21,4,47,0
10,3,13,2,59,7
10,3,19,2,26,8
10,3,23,2,64,9
10,3,23,3,64,6
10,3,20,0,51,4
10,3,17,3,52,2
10,3,29,1,47,8
10,3,20,2,56,1
10,3,14,4,55,9
10,3,12,2,45,0
10,4,26,5,37,0
10,4,16,3,39,1
10,4,20,3,57,8
10,4,11,10,65,0
10,4,27,1,29,1
10,4,26,0,57,9
10,4,22,3,41,8
10,4,21,0,49,3
10,4,23,1,48,8
10,4,26,3,42,0
10,5,17,3,52,6
10,5,11,1,63,3
10,5,19,3,62,9
10,5,23,0,42,2
10,5,22,3,73,8
10,5,16,3,57,0
10,5,16,2,46,3
10,5,24,3,56,5
10,5,22,1,40,7
10,5,24,0,48,5
10,6,22,4,45,1
10,6,22,4,55,5
10,6,20,2,40,8
10,6,17,1,54,5
10,6,33,1,56,8
10,6,27,3,34,6
10,6,22,2,42,2
10,6,20,3,54,8
10,6,20,2,40,6
10,6,22,3,57,8
10,7,24,1,64,7
10,7,21,3,67,6
10,7,27,2,42,6
10,7,26,2,49,1
10,7,17,4,63,9
10,7,17,3,58,7
10,7,16,1,68,8
10,7,17,2,57,5
10,7,25,1,48,7
10,7,14,5,46,1
10,8,24,2,47,3
10,8,22,2,47,1
10,8,16,1,35,8
10,8,21,3,52,7
10,8,19,0,62,7
10,8,19,1,52,5
10,8,13,3,51,6
10,8,23,1,30,7
10,8,21,1,47,6
10,8,20,7,51,0
10,9,26,2,51,0
10,9,16,1,62,6
10,9,18,5,42,7
10,9,21,1,54,8
10,9,23,6,50,0
10,9,17,4,57,9
10,9,18,1,45,9
10,9,25,2,43,5
10,9,16,2,58,8
10,9,18,3,57,2
10,10,11,2,33,9
10,10,12,3,55,5
10,10,24,2,40,3
10,10,19,4,67,8
10,10,11,3,57,8
10,10,22,4,33,4
10,10,28,4,52,6
10,10,16,2,59,8
10,10,22,2,48,7
10,10,22,1,32,7
10,11,21,2,43,9
10,11,21,11,33,0
10,11,17,2,45,0
10,11,33,3,46,2
10,11,19,3,26,8
10,11,19,2,62,9
10,11,14,2,55,3
10,11,17,1,46,8
10,11,20,4,52,8
10,11,17,3,55,8
10,12,23,2,45,9
10,12,36,3,45,9
10,12,14,3,78,4
10,12,22,2,43,8
10,12,25,2,54,4
10,12,17,3,53,1
10,12,20,1,57,3
10,12,22,0,50,5
10,12,15,2,49,8
10,12,17,4,45,7
10,13,22,8,46,0
10,13,22,1,52,3
10,13,21,1,44,9
10,13,19,1,52,3
10,13,17,1,69,8
10,13,17,1,73,2
10,13,21,2,39,1
10,13,23,4,51,1
10,13,28,2,31,6
10,13,18,2,49,4
10,14,17,1,47,8
10,14,19,2,38,7
10,14,25,2,63,8
10,14,21,4,51,1
10,14,16,2,48,6
10,14,18,0,53,6
10,14,16,1,60,2
10,14,14,3,62,8
10,14,25,0,48,4
10,14,16,2,63,0
10,15,24,1,61,0
10,15,18,2,27,8
10,15,23,8,36,0
10,15,20,2,51,0
10,15,21,1,52,6
10,15,18,2,42,2
10,15,14,1,45,6
10,15,19,2,38,6
10,15,19,3,43,5
10,15,18,5,52,2
10,16,18,2,50,0
10,16,17,2,57,7
10,16,18,6,60,0
10,16,27,1,39,6
10,16,16,0,43,6
10,16,22,1,45,8
10,16,19,0,66,4
10,16,20,2,53,7
10,16,23,2,46,0
10,16,23,1,57,6
10,17,22,3,33,1
10,17,26,1,48,0
10,17,21,2,45,6
10,17,20,3,43,8
10,17,20,3,66,7
10,17,21,2,57,5
10,17,18,4,50,8
10,17,17,2,57,7
10,17,19,4,48,5
10,17,21,5,62,0
10,18,18,4,50,8
10,18,20,4,31,0
10,18,21,2,53,6
10,18,20,3,42,6
10,18,21,0,55,7
10,18,16,3,55,2
10,18,14,0,47,8
10,18,19,2,61,9
10,18,20,1,53,9
10,18,17,4,70,7
10,19,21,3,52,5
10,19,13,2,49,0
10,19,32,1,33,4
10,19,21,0,47,1
10,19,16,1,56,4
10,19,21,3,49,6
10,19,25,3,57,6
10,19,23,3,62,8
10,19,31,2,38,6
10,19,22,4,38,9
10,20,21,1,44,6
10,20,18,2,51,6
10,20,16,0,53,7
10,20,22,0,47,7
10,20,25,2,48,8
10,20,19,0,46,5
10,20,13,3,38,3
10,20,13,9,51,0
10,20,17,4,54,5
10,20,20,1,63,8
25,1,17,2,50,0
25,1,17,5,60,0
25,1,18,1,70,7
25,1,25,2,45,0
25,1,17,1,41,8
25,1,35,1,66,0
25,1,38,2,42,2
25,1,23,4,39,8
25,1,14,4,61,3
25,1,18,3,63,8
25,1,30,1,47,8
25,1,20,2,53,7
25,1,22,2,56,0
25,1,21,1,42,0
25,1,17,1,54,3
25,1,16,2,51,9
25,1,24,2,46,0
25,1,24,2,40,4
25,1,16,0,48,1
25,1,30,4,60,2
25,1,14,1,53,6
25,1,13,3,66,5
25,1,19,0,61,7
25,1,17,2,51,3
25,1,9,4,56,1
25,2,14,3,33,8
25,2,19,1,60,7
25,2,23,2,57,7
25,2,19,1,66,3
25,2,20,1,45,2
25,2,24,3,46,8
25,2,22,1,53,4
25,2,24,1,37,8
25,2,22,2,56,8
25,2,21,4,47,0
25,2,15,3,71,4
25,2,19,3,48,6
25,2,25,1,41,7
25,2,15,2,49,6
25,2,24,0,52,7
25,2,16,2,63,9
25,2,16,2,26,8
25,2,16,10,47,0
25,2,17,2,50,7
25,2,12,3,59,5
25,2,23,1,66,0
25,2,26,2,64,9
25,2,14,2,63,7
25,2,18,1,53,3
25,2,27,3,51,8
25,3,13,2,59,7
25,3,19,2,26,8
25,3,23,2,64,9
25,3,23,3,64,6
25,3,20,0,51,4
25,3,17,3,52,2
25,3,29,1,47,8
25,3,20,2,56,1
25,3,14,4,55,9
25,3,12,2,45,0
25,3,17,2,67,0
25,3,20,2,46,8
25,3,21,3,44,4
25,3,15,1,57,3
25,3,19,3,44,5
25,3,24,0,61,3
25,3,16,4,55,7
25,3,21,1,52,5
25,3,21,2,53,6
25,3,28,0,43,3
25,3,24,0,53,2
25,3,25,4,57,0
25,3,14,4,57,3
25,3,18,2,46,9
25,3,14,4,52,8
25,4,26,5,37,0
25,4,16,3,39,1
25,4,20,3,57,8
25,4,11,10,65,0
25,4,27,1,29,1
25,4,26,0,57,9
25,4,22,3,41,8
25,4,21,0,49,3
25,4,23,1,48,8
25,4,26,3,42,0
25,4,19,3,58,8
25,4,21,0,53,9
25,4,14,1,52,5
25,4,26,1,39,3
25,4,26,1,52,9
25,4,10,2,68,3
25,4,30,2,42,0
25,4,16,1,43,5
25,4,21,4,37,2
25,4,16,3,63,7
25,4,15,0,50,4
25,4,26,0,47,9
25,4,18,5,52,8
25,4,26,3,54,5
25,4,16,2,39,8
25,5,17,3,52,6
25,5,11,1,63,3
25,5,19,3,62,9
25,5,23,0,42,2
25,5,22,3,73,8
25,5,16,3,57,0
25,5,16,2,46,3
25,5,24,3,56,5
25,5,22,1,40,7
25,5,24,0,48,5
25,5,21,0,35,8
25,5,20,5,61,6
25,5,19,3,67,8
25,5,17,1,37,2
25,5,19,2,73,4
25,5,19,3,70,9
25,5,14,1,37,0
25,5,19,0,50,9
25,5,28,2,43,3
25,5,18,2,48,4
25,5,24,2,54,8
25,5,40,0,38,9
25,5,15,1,41,8
25,5,20,1,48,6
25,5,24,1,39,3
25,6,22,4,45,1
25,6,22,4,55,5
25,6,20,2,40,8
25,6,17,1,54,5
25,6,33,1,56,8
25,6,27,3,34,6
25,6,22,2,42,2
25,6,20,3,54,8
25,6,20,2,40,6
25,6,22,3,57,8
25,6,22,1,40,3
25,6,13,3,61,0
25,6,17,4,31,6
25,6,28,1,47,1
25,6,24,2,52,7
25,6,24,3,27,0
25,6,18,2,47,5
25,6,15,5,50,7
25,6,16,1,60,0
25,6,18,3,53,1
25,6,16,3,47,4
25,6,23,3,51,0
25,6,17,2,52,0
25,6,17,3,66,8
25,6,31,5,47,0
25,7,24,1,64,7
25,7,21,3,67,6
25,7,27,2,42,6
25,7,26,2,49,1
25,7,17,4,63,9
25,7,17,3,58,7
25,7,16,1,68,8
25,7,17,2,57,5
25,7,25,1,48,7
25,7,14,5,46,1
25,7,22,2,50,7
25,7,15,0,47,0
25,7,19,0,62,6
25,7,23,3,45,0
25,7,16,0,47,8
25,7,26,1,60,0
25,7,21,2,48,5
25,7,25,3,58,2
25,7,21,3,40,8
25,7,18,1,45,3
25,7,10,1,49,8
25,7,19,5,61,0
25,7,25,2,44,6
25,7,18,3,64,8
25,7,18,2,54,3
25,8,24,2,47,3
25,8,22,2,47,1
25,8,16,1,35,8
25,8,21,3,52,7
25,8,19,0,62,7
25,8,19,1,52,5
25,8,13,3,51,6
25,8,23,1,30,7
25,8,21,1,47,6
25,8,20,7,51,0
25,8,22,2,67,8
25,8,20,4,50,5
25,8,18,0,53,8
25,8,22,0,56,1
25,8,26,1,44,3
25,8,17,0,50,5
25,8,25,2,54,8
25,8,20,2,68,7
25,8,24,4,48,0
25,8,18,4,48,3
25,8,24,4,63,6
25,8,25,5,51,9
25,8,14,3,62,6
25,8,19,4,64,4
25,8,19,3,63,2
25,9,26,2,51,0
25,9,16,1,62,6
25,9,18,5,42,7
25,9,21,1,54,8
25,9,23,6,50,0
25,9,17,4,57,9
25,9,18,1,45,9
25,9,25,2,43,5
25,9,16,2,58,8
25,9,18,3,57,2
25,9,12,3,54,8
25,9,30,1,49,8
25,9,29,1,55,9
25,9,24,4,58,1
25,9,22,5,51,1
25,9,16,6,42,0
25,9,16,2,56,4
25,9,20,1,43,7
25,9,22,2,54,9
25,9,23,3,41,5
25,9,23,2,45,7
25,9,19,2,37,0
25,9,9,2,56,7
25,9,14,0,69,0
25,9,20,0,34,7
25,10,11,2,33,9
25,10,12,3,55,5
25,10,24,2,40,3
25,10,19,4,67,8
25,10,11,3,57,8
25,10,22,4,33,4
25,10,28,4,52,6
25,10,16,2,59,8
25,10,22,2,48,7
25,10,22,1,32,7
25,10,20,4,66,7
25,10,24,3,51,8
25,10,13,1,55,7
25,10,17,2,56,8
25,10,16,1,31,7
25,10,24,3,35,8
25,10,21,3,31,2
25,10,16,2,52,5
25,10,25,0,36,4
25,10,32,0,41,6
25,10,11,2,49,2
25,10,22,1,26,8
25,10,14,3,63,4
25,10,12,1,45,9
25,10,12,0,53,7
25,11,21,2,43,9
25,11,21,11,33,0
25,11,17,2,45,0
25,11,33,3,46,2
25,11,19,3,26,8
25,11,19,2,62,9
25,11,14,2,55,3
25,11,17,1,46,8
25,11,20,4,52,8
25,11,17,3,55,8
25,11,31,1,39,0
25,11,22,1,54,3
25,11,23,2,31,4
25,11,32,1,55,8
25,11,14,0,54,7
25,11,22,3,57,9
25,11,24,1,34,6
25,11,15,0,46,6
25,11,27,1,41,7
25,11,17,3,28,8
25,11,15,1,38,4
25,11,22,1,40,7
25,11,11,3,48,7
25,11,19,2,54,4
25,11,13,1,62,8
25,12,23,2,45,9
25,12,36,3,45,9
25,12,14,3,78,4
25,12,22,2,43,8
25,12,25,2,54,4
25,12,17,3,53,1
25,12,20,1,57,3
25,12,22,0,50,5
25,12,15,2,49,8
25,12,17,4,45,7
25,12,23,6,53,0
25,12,29,2,55,7
25,12,19,0,49,0
25,12,19,0,43,8
25,12,19,2,55,6
25,12,11,4,62,6
25,12,22,0,54,4
25,12,20,3,52,8
25,12,16,2,53,9
25,12,15,0,60,8
25,12,23,0,60,7
25,12,20,3,40,2
25,12,24,2,34,5
25,12,22,3,38,1
25,12,15,1,60,8
25,13,22,8,46,0
25,13,22,1,52,3
25,13,21,1,44,9
25,13,19,1,52,3
25,13,17,1,69,8
25,13,17,1,73,2
25,13,21,2,39,1
25,13,23,4,51,1
25,13,28,2,31,6
25,13,18,2,49,4
25,13,13,1,49,6
25,13,20,2,46,8
25,13,21,1,48,6
25,13,21,1,62,0
25,13,26,3,47,8
25,13,25,3,41,8
25,13,23,3,24,7
25,13,36,2,41,6
25,13,14,4,64,5
25,13,18,0,45,4
25,13,16,4,46,0
25,13,19,1,59,7
25,13,28,4,47,0
25,13,16,2,52,4
25,13,23,2,29,4
25,14,17,1,47,8
25,14,19,2,38,7
25,14,25,2,63,8
25,14,21,4,51,1
25,14,16,2,48,6
25,14,18,0,53,6
25,14,16,1,60,2
25,14,14,3,62,8
25,14,25,0,48,4
25,14,16,2,63,0
25,14,18,5,48,1
25,14,22,5,40,0
25,14,15,0,36,8
25,14,25,0,43,4
25,14,25,2,68,0
25,14,23,4,66,4
25,14,33,2,44,8
25,14,25,3,44,2
25,14,23,0,39,6
25,14,21,4,67,8
25,14,23,4,49,6
25,14,29,1,32,5
25,14,18,0,48,6
25,14,28,0,56,1
25,14,12,1,68,5
25,15,24,1,61,0
25,15,18,2,27,8
25,15,23,8,36,0
25,15,20,2,51,0
25,15,21,1,52,6
25,15,18,2,42,2
25,15,14,1,45,6
25,15,19,2,38,6
25,15,19,3,43,5
25,15,18,5,52,2
25,15,19,1,53,5
25,15,24,4,52,8
25,15,23,1,49,7
25,15,22,2,44,6
25,15,18,1,68,3
25,15,16,3,55,1
25,15,21,5,64,2
25,15,25,1,60,9
25,15,20,2,51,8
25,15,14,2,54,7
25,15,14,1,57,0
25,15,23,2,45,4
25,15,11,3,60,9
25,15,19,4,55,9
25,15,23,3,31,5
25,16,18,2,50,0
25,16,17,2,57,7
25,16,18,6,60,0
25,16,27,1,39,6
25,16,16,0,43,6
25,16,22,1,45,8
25,16,19,0,66,4
25,16,20,2,53,7
25,16,23,2,46,0
25,16,23,1,57,6
25,16,22,3,52,7
25,16,26,9,42,0
25,16,22,1,52,0
25,16,21,2,67,9
25,16,21,4,56,0
25,16,18,5,55,9
25,16,23,2,48,0
25,16,19,4,54,8
25,16,14,2,55,7
25,16,16,4,51,2
25,16,19,1,52,8
25,16,25,2,69,8
25,16,24,1,47,3
25,16,19,2,52,7
25,16,21,2,59,6
25,17,22,3,33,1
25,17,26,1,48,0
25,17,21,2,45,6
25,17,20,3,43,8
25,17,20,3,66,7
25,17,21,2,57,5
25,17,18,4,50,8
25,17,17,2,57,7
25,17,19,4,48,5
25,17,21,5,62,0
25,17,19,2,52,9
25,17,14,0,62,5
25,17,20,1,51,9
25,17,23,3,58,8
25,17,20,0,55,0
25,17,15,0,52,2
25,17,28,2,52,1
25,17,29,2,50,8
25,17,16,4,55,7
25,17,25,1,40,8
25,17,21,3,56,7
25,17,12,2,61,0
25,17,22,3,67,9
25,17,21,2,61,4
25,17,23,3,63,6
25,18,18,4,50,8
25,18,20,4,31,0
25,18,21,2,53,6
25,18,20,3,42,6
25,18,21,0,55,7
25,18,16,3,55,2
25,18,14,0,47,8
25,18,19,2,61,9
25,18,20,1,53,9
25,18,17,4,70,7
25,18,23,1,68,9
25,18,14,1,74,8
25,18,19,0,55,6
25,18,17,0,55,8
25,18,17,1,60,0
25,18,22,3,36,2
25,18,18,4,47,2
25,18,28,2,72,9
25,18,18,4,50,4
25,18,23,2,38,9
25,18,23,0,55,1
25,18,15,3,69,5
25,18,21,1,65,9
25,18,17,1,37,8
25,18,23,3,48,0
25,19,21,3,52,5
25,19,13,2,49,0
25,19,32,1,33,4
25,19,21,0,47,1
25,19,16,1,56,4
25,19,21,3,49,6
25,19,25,3,57,6
25,19,23,3,62,8
25,19,31,2,38,6
25,19,22,4,38,9
25,19,21,2,34,8
25,19,20,1,53,5
25,19,19,6,54,9
25,19,21,3,59,8
25,19,28,3,50,6
25,19,22,1,46,9
25,19,16,6,46,0
25,19,12,4,60,9
25,19,21,3,57,9
25,19,15,3,49,6
25,19,15,2,63,3
25,19,25,1,32,2
25,19,21,7,64,3
25,19,16,2,54,8
25,19,19,0,64,6
25,20,21,1,44,6
25,20,18,2,51,6
25,20,16,0,53,7
25,20,22,0,47,7
25,20,25,2,48,8
25,20,19,0,46,5
25,20,13,3,38,3
25,20,13,9,51,0
25,20,17,4,54,5
25,20,20,1,63,8
25,20,20,4,59,7
25,20,19,1,63,0
25,20,22,4,58,0
25,20,28,1,47,4
25,20,24,1,53,7
25,20,16,2,53,5
25,20,18,3,66,7
25,20,23,1,59,2
25,20,22,3,60,5
25,20,10,1,54,3
25,20,16,3,58,1
25,20,15,0,42,0
25,20,26,0,46,8
25,20,22,4,57,8
25,20,17,1,55,8
50,1,17,2,50,0
50,1,17,5,60,0
50,1,18,1,70,7
50,1,25,2,45,0
50,1,17,1,41,8
50,1,35,1,66,0
50,1,38,2,42,2
50,1,23,4,39,8
50,1,14,4,61,3
50,1,18,3,63,8
50,1,30,1,47,8
50,1,20,2,53,7
50,1,22,2,56,0
50,1,21,1,42,0
50,1,17,1,54,3
50,1,16,2,51,9
50,1,24,2,46,0
50,1,24,2,40,4
50,1,16,0,48,1
50,1,30,4,60,2
50,1,14,1,53,6
50,1,13,3,66,5
50,1,19,0,61,7
50,1,17,2,51,3
50,1,9,4,56,1
50,1,25,0,59,7
50,1,32,5,48,8
50,1,19,3,47,5
50,1,21,1,49,7
50,1,32,1,43,6
50,1,15,1,53,9
50,1,15,1,47,0
50,1,32,3,53,7
50,1,26,3,61,6
50,1,20,2,50,8
50,1,21,2,53,6
50,1,17,3,38,9
50,1,16,3,50,2
50,1,20,1,57,8
50,1,21,4,57,8
50,1,16,3,60,4
50,1,25,3,54,0
50,1,23,2,40,1
50,1,17,8,71,0
50,1,17,7,46,0
50,1,19,0,64,8
50,1,29,3,40,3
50,1,16,5,58,0
50,1,21,2,53,7
50,1,31,2,36,3
50,2,14,3,33,8
50,2,19,1,60,7
50,2,23,2,57,7
50,2,19,1,66,3
50,2,20,1,45,2
50,2,24,3,46,8
50,2,22,1,53,4
50,2,24,1,37,8
50,2,22,2,56,8
50,2,21,4,47,0
50,2,15,3,71,4
50,2,19,3,48,6
50,2,25,1,41,7
50,2,15,2,49,6
50,2,24,0,52,7
50,2,16,2,63,9
50,2,16,2,26,8
50,2,16,10,47,0
50,2,17,2,50,7
50,2,12,3,59,5
50,2,23,1,66,0
50,2,26,2,64,9
50,2,14,2,63,7
50,2,18,1,53,3
50,2,27,3,51,8
50,2,18,4,32,6
50,2,13,3,51,8
50,2,17,1,66,1
50,2,20,2,52,1
50,2,22,2,55,9
50,2,14,1,61,0
50,2,24,1,51,3
50,2,17,0,59,9
50,2,19,1,65,9
50,2,30,3,43,3
50,2,18,1,48,8
50,2,25,1,59,6
50,2,16,0,50,7
50,2,18,1,59,8
50,2,24,1,55,8
50,2,20,0,52,7
50,2,25,2,46,9
50,2,17,1,47,1
50,2,21,3,60,8
50,2,24,4,58,7
50,2,24,1,55,8
50,2,26,4,48,4
50,2,21,3,46,5
50,2,23,3,28,2
50,2,21,3,65,8
50,3,13,2,59,7
50,3,19,2,26,8
50,3,23,2,64,9
50,3,23,3,64,6
50,3,20,0,51,4
50,3,17,3,52,2
50,3,29,1,47,8
50,3,20,2,56,1
50,3,14,4,55,9
50,3,12,2,45,0
50,3,17,2,67,0
50,3,20,2,46,8
50,3,21,3,44,4
50,3,15,1,57,3
50,3,19,3,44,5
50,3,24,0,61,3
50,3,16,4,55,7
50,3,21,1,52,5
50,3,21,2,53,6
50,3,28,0,43,3
50,3,24,0,53,2
50,3,25,4,57,0
50,3,14,4,57,3
50,3,18,2,46,9
50,3,14,4,52,8
50,3,19,4,37,0
50,3,25,2,50,8
50,3,20,3,59,0
50,3,22,2,53,9
50,3,23,0,55,0
50,3,18,1,40,5
50,3,21,1,48,1
50,3,26,2,23,0
50,3,13,2,54,6
50,3,19,3,47,0
50,3,17,0,58,6
50,3,22,2,56,2
50,3,19,1,50,6
50,3,22,3,40,5
50,3,29,1,44,5
50,3,22,3,54,8
50,3,17,1,34,3
50,3,29,2,49,8
50,3,26,0,55,2
50,3,14,1,70,8
50,3,19,7,54,1
50,3,16,3,32,7
50,3,16,0,53,3
50,3,18,1,62,1
50,3,19,1,60,7
50,4,26,5,37,0
50,4,16,3,39,1
50,4,20,3,57,8
50,4,11,10,65,0
50,4,27,1,29,1
50,4,26,0,57,9
50,4,22,3,41,8
50,4,21,0,49,3
50,4,23,1,48,8
50,4,26,3,42,0
50,4,19,3,58,8
50,4,21,0,53,9
50,4,14,1,52,5
50,4,26,1,39,3
50,4,26,1,52,9
50,4,10,2,68,3
50,4,30,2,42,0
50,4,16,1,43,5
50,4,21,4,37,2
50,4,16,3,63,7
50,4,15,0,50,4
50,4,26,0,47,9
50,4,18,5,52,8
50,4,26,3,54,5
50,4,16,2,39,8
50,4,23,2,72,5
50,4,15,3,32,6
50,4,20,2,50,2
50,4,33,4,40,1
50,4,11,2,53,4
50,4,15,1,47,8
50,4,14,3,51,7
50,4,19,5,54,0
50,4,25,4,44,3
50,4,15,0,47,8
50,4,14,3,47,0
50,4,29,2,32,9
50,4,12,3,54,7
50,4,17,3,40,4
50,4,18,2,58,7
50,4,17,0,56,8
50,4,22,2,34,6
50,4,22,2,69,0
50,4,18,4,44,6
50,4,16,1,43,7
50,4,31,4,49,7
50,4,30,1,39,0
50,4,25,2,60,9
50,4,9,7,63,0
50,4,20,1,47,9
50,5,17,3,52,6
50,5,11,1,63,3
50,5,19,3,62,9
50,5,23,0,42,2
50,5,22,3,73,8
50,5,16,3,57,0
50,5,16,2,46,3
50,5,24,3,56,5
50,5,22,1,40,7
50,5,24,0,48,5
50,5,21,0,35,8
50,5,20,5,61,6
50,5,19,3,67,8
50,5,17,1,37,2
50,5,19,2,73,4
50,5,19,3,70,9
50,5,14,1,37,0
50,5,19,0,50,9
50,5,28,2,43,3
50,5,18,2,48,4
50,5,24,2,54,8
50,5,40,0,38,9
50,5,15,1,41,8
50,5,20,1,48,6
50,5,24,1,39,3
50,5,16,3,58,9
50,5,12,4,74,9
50,5,23,1,45,2
50,5,22,1,58,3
50,5,24,1,44,7
50,5,14,2,62,8
50,5,21,3,44,9
50,5,19,1,51,1
50,5,13,4,58,5
50,5,22,2,56,6
50,5,23,3,51,5
50,5,12,2,55,6
50,5,26,1,51,3
50,5,25,0,50,4
50,5,25,2,49,1
50,5,16,4,49,3
50,5,21,0,37,5
50,5,27,0,43,7
50,5,18,3,66,0
50,5,19,2,59,9
50,5,19,0,41,7
50,5,25,0,37,8
50,5,26,0,67,8
50,5,23,2,38,1
50,5,21,2,42,8
50,6,22,4,45,1
50,6,22,4,55,5
50,6,20,2,40,8
50,6,17,1,54,5
50,6,33,1,56,8
50,6,27,3,34,6
50,6,22,2,42,2
50,6,20,3,54,8
50,6,20,2,40,6
50,6,22,3,57,8
50,6,22,1,40,3
50,6,13,3,61,0
50,6,17,4,31,6
50,6,28,1,47,1
50,6,24,2,52,7
50,6,24,3,27,0
50,6,18,2,47,5
50,6,15,5,50,7
50,6,16,1,60,0
50,6,18,3,53,1
50,6,16,3,47,4
50,6,23,3,51,0
50,6,17,2,52,0
50,6,17,3,66,8
50,6,31,5,47,0
50,6,21,2,42,0
50,6,21,4,61,5
50,6,20,3,58,0
50,6,24,2,46,9
50,6,17,0,55,9
50,6,17,5,53,4
50,6,11,0,62,5
50,6,22,1,61,9
50,6,24,2,64,0
50,6,22,0,44,4
50,6,20,1,47,7
50,6,23,0,43,7
50,6,24,4,51,3
50,6,29,0,37,8
50,6,23,1,48,0
50,6,14,2,45,8
50,6,28,2,45,5
50,6,30,4,39,6
50,6,17,2,63,5
50,6,21,1,54,2
50,6,17,2,39,7
50,6,15,2,22,6
50,6,12,1,45,8
50,6,15,2,44,7
50,6,25,3,28,6
50,7,24,1,64,7
50,7,21,3,67,6
50,7,27,2,42,6
50,7,26,2,49,1
50,7,17,4,63,9
50,7,17,3,58,7
50,7,16,1,68,8
50,7,17,2,57,5
50,7,25,1,48,7
50,7,14,5,46,1
50,7,22,2,50,7
50,7,15,0,47,0
50,7,19,0,62,6
50,7,23,3,45,0
50,7,16,0,47,8
50,7,26,1,60,0
50,7,21,2,48,5
50,7,25,3,58,2
50,7,21,3,40,8
50,7,18,1,45,3
50,7,10,1,49,8
50,7,19,5,61,0
50,7,25,2,44,6
50,7,18,3,64,8
50,7,18,2,54,3
50,7,21,0,53,7
50,7,27,2,40,8
50,7,16,0,52,8
50,7,19,2,68,1
50,7,19,3,42,6
50,7,18,3,49,1
50,7,20,3,48,6
50,7,21,2,54,6
50,7,17,4,43,0
50,7,22,2,38,9
50,7,21,3,55,8
50,7,24,2,59,4
50,7,22,3,44,0
50,7,24,2,55,8
50,7,24,1,34,6
50,7,18,2,59,2
50,7,20,2,52,4
50,7,18,0,60,1
50,7,15,5,52,8
50,7,24,4,43,0
50,7,18,2,44,9
50,7,28,0,36,9
50,7,15,1,60,7
50,7,18,0,40,2
50,7,21,2,66,1
50,8,24,2,47,3
50,8,22,2,47,1
50,8,16,1,35,8
50,8,21,3,52,7
50,8,19,0,62,7
50,8,19,1,52,5
50,8,13,3,51,6
50,8,23,1,30,7
50,8,21,1,47,6
50,8,20,7,51,0
50,8,22,2,67,8
50,8,20,4,50,5
50,8,18,0,53,8
50,8,22,0,56,1
50,8,26,1,44,3
50,8,17,0,50,5
50,8,25,2,54,8
50,8,20,2,68,7
50,8,24,4,48,0
50,8,18,4,48,3
50,8,24,4,63,6
50,8,25,5,51,9
50,8,14,3,62,6
50,8,19,4,64,4
50,8,19,3,63,2
50,8,20,2,51,7
50,8,25,1,42,3
50,8,18,0,48,2
50,8,21,2,53,1
50,8,27,2,44,7
50,8,22,4,43,7
50,8,20,1,59,5
50,8,17,3,52,9
50,8,21,2,37,8
50,8,14,2,51,6
50,8,14,3,46,9
50,8,19,0,44,7
50,8,18,1,49,7
50,8,24,1,41,4
50,8,31,0,43,0
50,8,16,2,70,3
50,8,18,1,45,4
50,8,26,1,55,5
50,8,20,4,64,0
50,8,20,1,49,7
50,8,22,2,47,5
50,8,20,4,62,0
50,8,18,5,47,0
50,8,22,2,33,0
50,8,19,1,55,0
50,9,26,2,51,0
50,9,16,1,62,6
50,9,18,5,42,7
50,9,21,1,54,8
50,9,23,6,50,0
50,9,17,4,57,9
50,9,18,1,45,9
50,9,25,2,43,5
50,9,16,2,58,8
50,9,18,3,57,2
50,9,12,3,54,8
50,9,30,1,49,8
50,9,29,1,55,9
50,9,24,4,58,1
50,9,22,5,51,1
50,9,16,6,42,0
50,9,16,2,56,4
50,9,20,1,43,7
50,9,22,2,54,9
50,9,23,3,41,5
50,9,23,2,45,7
50,9,19,2,37,0
50,9,9,2,56,7
50,9,14,0,69,0
50,9,20,0,34,7
50,9,21,5,54,0
50,9,15,2,65,0
50,9,22,2,55,5
50,9,24,2,49,0
50,9,23,1,55,5
50,9,23,3,36,0
50,9,15,1,43,4
50,9,19,1,47,8
50,9,17,3,51,1
50,9,22,3,52,5
50,9,16,3,69,0
50,9,14,0,36,3
50,9,16,2,54,0
50,9,30,2,38,7
50,9,20,2,55,8
50,9,22,0,37,8
50,9,24,2,61,8
50,9,18,4,59,0
50,9,23,0,53,7
50,9,27,1,38,4
50,9,22,1,44,8
50,9,21,2,49,7
50,9,10,3,57,1
50,9,16,2,54,0
50,9,18,0,39,7
50,10,11,2,33,9
50,10,12,3,55,5
50,10,24,2,40,3
50,10,19,4,67,8
50,10,11,3,57,8
50,10,22,4,33,4
50,10,28,4,52,6
50,10,16,2,59,8
50,10,22,2,48,7
50,10,22,1,32,7
50,10,20,4,66,7
50,10,24,3,51,8
50,10,13,1,55,7
50,10,17,2,56,8
50,10,16,1,31,7
50,10,24,3,35,8
50,10,21,3,31,2
50,10,16,2,52,5
50,10,25,0,36,4
50,10,32,0,41,6
50,10,11,2,49,2
50,10,22,1,26,8
50,10,14,3,63,4
50,10,12,1,45,9
50,10,12,0,53,7
50,10,21,4,54,0
50,10,20,6,48,0
50,10,29,2,50,9
50,10,26,0,52,6
50,10,25,2,51,2
50,10,29,3,36,8
50,10,17,4,39,7
50,10,20,4,38,7
50,10,23,1,60,8
50,10,21,2,35,0
50,10,16,2,55,8
50,10,24,1,42,0
50,10,21,1,50,5
50,10,25,3,35,9
50,10,35,1,44,8
50,10,10,4,60,9
50,10,15,0,53,8
50,10,23,3,43,0
50,10,15,1,59,8
50,10,16,2,53,0
50,10,18,3,39,6
50,10,20,2,53,1
50,10,14,1,50,2
50,10,28,3,51,8
50,10,18,2,45,2
50,11,21,2,43,9
50,11,21,11,33,0
50,11,17,2,45,0
50,11,33,3,46,2
50,11,19,3,26,8
50,11,19,2,62,9
50,11,14,2,55,3
50,11,17,1,46,8
50,11,20,4,52,8
50,11,17,3,55,8
50,11,31,1,39,0
50,11,22,1,54,3
50,11,23,2,31,4
50,11,32,1,55,8
50,11,14,0,54,7
50,11,22,3,57,9
50,11,24,1,34,6
50,11,15,0,46,6
50,11,27,1,41,7
50,11,17,3,28,8
50,11,15,1,38,4
50,11,22,1,40,7
50,11,11,3,48,7
50,11,19,2,54,4
50,11,13,1,62,8
50,11,15,1,57,7
50,11,23,2,39,6
50,11,23,2,32,7
50,11,15,1,48,8
50,11,20,2,47,1
50,11,27,1,41,8
50,11,23,4,44,0
50,11,20,3,38,7
50,11,23,2,41,7
50,11,23,1,54,9
50,11,19,1,46,2
50,11,20,4,35,0
50,11,25,5,56,6
50,11,29,1,44,5
50,11,16,3,51,2
50,11,19,3,55,4
50,11,19,3,54,7
50,11,18,4,49,8
50,11,16,4,48,9
50,11,26,3,53,8
50,11,13,3,65,7
50,11,20,1,41,5
50,11,20,2,37,0
50,11,9,0,46,5
50,11,19,2,61,8
50,12,23,2,45,9
50,12,36,3,45,9
50,12,14,3,78,4
50,12,22,2,43,8
50,12,25,2,54,4
50,12,17,3,53,1
50,12,20,1,57,3
50,12,22,0,50,5
50,12,15,2,49,8
50,12,17,4,45,7
50,12,23,6,53,0
50,12,29,2,55,7
50,12,19,0,49,0
50,12,19,0,43,8
50,12,19,2,55,6
50,12,11,4,62,6
50,12,22,0,54,4
50,12,20,3,52,8
50,12,16,2,53,9
50,12,15,0,60,8
50,12,23,0,60,7
50,12,20,3,40,2
50,12,24,2,34,5
50,12,22,3,38,1
50,12,15,1,60,8
50,12,9,3,48,0
50,12,15,2,46,6
50,12,20,1,45,2
50,12,19,1,34,2
50,12,17,4,55,8
50,12,20,4,61,7
50,12,21,1,57,3
50,12,17,3,57,8
50,12,16,4,59,7
50,12,28,7,50,0
50,12,30,6,26,0
50,12,17,1,46,5
50,12,25,1,65,5
50,12,13,5,54,0
50,12,20,3,56,8
50,12,18,0,54,7
50,12,32,0,54,7
50,12,16,1,49,4
50,12,28,3,63,8
50,12,12,1,61,0
50,12,9,2,74,1
50,12,18,0,62,4
50,12,23,1,47,9
50,12,20,2,47,8
50,12,17,1,54,5
50,13,22,8,46,0
50,13,22,1,52,3
50,13,21,1,44,9
50,13,19,1,52,3
50,13,17,1,69,8
50,13,17,1,73,2
50,13,21,2,39,1
50,13,23,4,51,1
50,13,28,2,31,6
50,13,18,2,49,4
50,13,13,1,49,6
50,13,20,2,46,8
50,13,21,1,48,6
50,13,21,1,62,0
50,13,26,3,47,8
50,13,25,3,41,8
50,13,23,3,24,7
50,13,36,2,41,6
50,13,14,4,64,5
50,13,18,0,45,4
50,13,16,4,46,0
50,13,19,1,59,7
50,13,28,4,47,0
50,13,16,2,52,4
50,13,23,2,29,4
50,13,14,2,47,4
50,13,20,2,56,4
50,13,20,2,49,9
50,13,21,3,52,0
50,13,20,2,57,4
50,13,10,1,43,7
50,13,27,0,40,0
50,13,20,2,38,1
50,13,21,2,60,5
50,13,33,3,41,0
50,13,16,3,62,6
50,13,16,0,49,7
50,13,17,2,47,3
50,13,27,4,37,8
50,13,19,0,51,8
50,13,10,3,39,8
50,13,16,1,58,6
50,13,12,3,54,8
50,13,23,2,47,5
50,13,21,4,55,8
50,13,22,1,53,8
50,13,19,4,56,8
50,13,24,2,39,3
50,13,28,3,29,0
50,13,21,1,53,9
50,14,17,1,47,8
50,14,19,2,38,7
50,14,25,2,63,8
50,14,21,4,51,1
50,14,16,2,48,6
50,14,18,0,53,6
50,14,16,1,60,2
50,14,14,3,62,8
50,14,25,0,48,4
50,14,16,2,63,0
50,14,18,5,48,1
50,14,22,5,40,0
50,14,15,0,36,8
50,14,25,0,43,4
50,14,25,2,68,0
50,14,23,4,66,4
50,14,33,2,44,8
50,14,25,3,44,2
50,14,23,0,39,6
50,14,21,4,67,8
50,14,23,4,49,6
50,14,29,1,32,5
50,14,18,0,48,6
50,14,28,0,56,1
50,14,12,1,68,5
50,14,32,2,60,7
50,14,19,2,54,9
50,14,30,4,56,4
50,14,18,0,52,8
50,14,22,0,46,5
50,14,15,3,56,3
50,14,23,2,35,0
50,14,20,3,43,4
50,14,16,0,46,0
50,14,18,3,52,8
50,14,17,4,64,0
50,14,21,4,50,1
50,14,14,4,32,7
50,14,16,1,65,7
50,14,15,1,59,0
50,14,15,1,66,7
50,14,24,2,42,7
50,14,25,5,51,3
50,14,13,2,48,7
50,14,17,1,62,4
50,14,25,3,42,6
50,14,13,2,54,8
50,14,19,1,49,0
50,14,24,7,54,0
50,14,36,2,35,8
50,15,24,1,61,0
50,15,18,2,27,8
50,15,23,8,36,0
50,15,20,2,51,0
50,15,21,1,52,6
50,15,18,2,42,2
50,15,14,1,45,6
50,15,19,2,38,6
50,15,19,3,43,5
50,15,18,5,52,2
50,15,19,1,53,5
50,15,24,4,52,8
50,15,23,1,49,7
50,15,22,2,44,6
50,15,18,1,68,3
50,15,16,3,55,1
50,15,21,5,64,2
50,15,25,1,60,9
50,15,20,2,51,8
50,15,14,2,54,7
50,15,14,1,57,0
50,15,23,2,45,4
50,15,11,3,60,9
50,15,19,4,55,9
50,15,23,3,31,5
50,15,24,4,51,0
50,15,18,0,50,0
50,15,24,2,33,0
50,15,28,0,55,8
50,15,24,2,58,2
50,15,19,1,66,6
50,15,21,0,49,8
50,15,22,1,68,7
50,15,30,2,38,0
50,15,27,1,34,2
50,15,26,3,59,8
50,15,23,0,52,6
50,15,24,4,26,0
50,15,19,1,53,4
50,15,21,2,45,1
50,15,23,4,51,7
50,15,21,3,52,3
50,15,14,4,48,0
50,15,18,1,45,6
50,15,21,0,57,8
50,15,19,1,51,6
50,15,26,3,37,0
50,15,22,0,43,2
50,15,24,4,58,0
50,15,24,2,47,6
50,16,18,2,50,0
50,16,17,2,57,7
50,16,18,6,60,0
50,16,27,1,39,6
50,16,16,0,43,6
50,16,22,1,45,8
50,16,19,0,66,4
50,16,20,2,53,7
50,16,23,2,46,0
50,16,23,1,57,6
50,16,22,3,52,7
50,16,26,9,42,0
50,16,22,1,52,0
50,16,21,2,67,9
50,16,21,4,56,0
50,16,18,5,55,9
50,16,23,2,48,0
50,16,19,4,54,8
50,16,14,2,55,7
50,16,16,4,51,2
50,16,19,1,52,8
50,16,25,2,69,8
50,16,24,1,47,3
50,16,19,2,52,7
50,16,21,2,59,6
50,16,22,0,50,4
50,16,23,5,20,2
50,16,14,2,60,6
50,16,19,4,49,0
50,16,19,1,53,6
50,16,14,2,65,3
50,16,23,0,52,5
50,16,15,4,50,5
50,16,29,0,45,7
50,16,17,0,30,7
50,16,24,3,54,8
50,16,32,3,39,4
50,16,20,4,56,0
50,16,22,3,43,1
50,16,19,0,44,6
50,16,13,1,38,6
50,16,22,3,48,6
50,16,21,4,44,2
50,16,17,1,64,9
50,16,12,2,41,8
50,16,12,2,68,2
50,16,18,1,46,0
50,16,19,4,55,7
50,16,20,1,66,3
50,16,22,2,43,7
50,17,22,3,33,1
50,17,26,1,48,0
50,17,21,2,45,6
50,17,20,3,43,8
50,17,20,3,66,7
50,17,21,2,57,5
50,17,18,4,50,8
50,17,17,2,57,7
50,17,19,4,48,5
50,17,21,5,62,0
50,17,19,2,52,9
50,17,14,0,62,5
50,17,20,1,51,9
50,17,23,3,58,8
50,17,20,0,55,0
50,17,15,0,52,2
50,17,28,2,52,1
50,17,29,2,50,8
50,17,16,4,55,7
50,17,25,1,40,8
50,17,21,3,56,7
50,17,12,2,61,0
50,17,22,3,67,9
50,17,21,2,61,4
50,17,23,3,63,6
50,17,24,0,46,8
50,17,15,4,52,6
50,17,14,2,81,0
50,17,24,2,51,7
50,17,16,3,71,7
50,17,22,2,60,3
50,17,18,3,50,8
50,17,12,0,55,0
50,17,26,1,45,5
50,17,27,3,51,7
50,17,23,4,42,9
50,17,23,2,53,0
50,17,25,2,49,4
50,17,18,1,46,7
50,17,18,3,60,5
50,17,30,2,30,6
50,17,15,3,44,0
50,17,22,2,45,9
50,17,19,1,63,7
50,17,22,4,62,8
50,17,19,2,48,0
50,17,22,4,58,5
50,17,28,0,53,2
50,17,25,2,53,4
50,17,17,3,59,8
50,18,18,4,50,8
50,18,20,4,31,0
50,18,21,2,53,6
50,18,20,3,42,6
50,18,21,0,55,7
50,18,16,3,55,2
50,18,14,0,47,8
50,18,19,2,61,9
50,18,20,1,53,9
50,18,17,4,70,7
50,18,23,1,68,9
50,18,14,1,74,8
50,18,19,0,55,6
50,18,17,0,55,8
50,18,17,1,60,0
50,18,22,3,36,2
50,18,18,4,47,2
50,18,28,2,72,9
50,18,18,4,50,4
50,18,23,2,38,9
50,18,23,0,55,1
50,18,15,3,69,5
50,18,21,1,65,9
50,18,17,1,37,8
50,18,23,3,48,0
50,18,24,2,56,1
50,18,15,3,54,9
50,18,27,1,41,5
50,18,29,2,56,0
50,18,16,0,48,9
50,18,15,3,85,0
50,18,19,1,57,2
50,18,26,2,51,8
50,18,23,2,45,9
50,18,19,1,60,4
50,18,16,3,54,7
50,18,27,2,42,4
50,18,23,1,50,1
50,18,24,3,37,1
50,18,15,4,49,2
50,18,28,1,29,8
50,18,12,1,56,0
50,18,30,3,41,5
50,18,17,0,45,8
50,18,19,4,43,8
50,18,22,2,36,0
50,18,17,1,64,6
50,18,19,2,49,7
50,18,24,0,50,4
50,18,26,1,42,3
50,19,21,3,52,5
50,19,13,2,49,0
50,19,32,1,33,4
50,19,21,0,47,1
50,19,16,1,56,4
50,19,21,3,49,6
50,19,25,3,57,6
50,19,23,3,62,8
50,19,31,2,38,6
50,19,22,4,38,9
50,19,21,2,34,8
50,19,20,1,53,5
50,19,19,6,54,9
50,19,21,3,59,8
50,19,28,3,50,6
50,19,22,1,46,9
50,19,16,6,46,0
50,19,12,4,60,9
50,19,21,3,57,9
50,19,15,3,49,6
50,19,15,2,63,3
50,19,25,1,32,2
50,19,21,7,64,3
50,19,16,2,54,8
50,19,19,0,64,6
50,19,15,1,57,7
50,19,21,1,50,6
50,19,14,4,52,8
50,19,17,0,51,4
50,19,14,2,62,0
50,19,20,2,49,9
50,19,18,0,55,0
50,19,29,3,37,8
50,19,25,2,40,7
50,19,26,3,26,1
50,19,19,2,60,7
50,19,30,7,44,0
50,19,19,3,46,7
50,19,18,0,51,7
50,19,27,4,33,8
50,19,16,2,52,6
50,19,21,1,51,6
50,19,15,2,51,9
50,19,17,1,45,0
50,19,19,3,50,2
50,19,23,3,56,8
50,19,21,3,35,8
50,19,23,0,30,9
50,19,24,1,37,6
50,19,19,7,73,0
50,20,21,1,44,6
50,20,18,2,51,6
50,20,16,0,53,7
50,20,22,0,47,7
50,20,25,2,48,8
50,20,19,0,46,5
50,20,13,3,38,3
50,20,13,9,51,0
50,20,17,4,54,5
50,20,20,1,63,8
50,20,20,4,59,7
50,20,19,1,63,0
50,20,22,4,58,0
50,20,28,1,47,4
50,20,24,1,53,7
50,20,16,2,53,5
50,20,18,3,66,7
50,20,23,1,59,2
50,20,22,3,60,5
50,20,10,1,54,3
50,20,16,3,58,1
50,20,15,0,42,0
50,20,26,0,46,8
50,20,22,4,57,8
50,20,17,1,55,8
50,20,21,3,52,1
50,20,15,1,43,0
50,20,26,4,46,8
50,20,21,0,58,9
50,20,21,4,51,9
50,20,13,2,56,5
50,20,22,3,44,7
50,20,26,3,48,0
50,20,22,3,57,8
50,20,17,1,49,4
50,20,25,4,52,7
50,20,17,3,59,2
50,20,23,0,72,6
50,20,19,2,47,7
50,20,19,1,57,9
50,20,17,0,63,8
50,20,22,2,46,4
50,20,18,0,50,3
50,20,27,2,49,0
50,20,30,4,57,4
50,20,19,1,42,0
50,20,26,3,30,5
50,20,20,1,46,2
50,20,20,0,22,7
50,20,20,1,50,2
100,1,17,2,50,0
100,1,17,5,60,0
100,1,18,1,70,7
100,1,25,2,45,0
100,1,17,1,41,8
100,1,35,1,66,0
100,1,38,2,42,2
100,1,23,4,39,8
100,1,14,4,61,3
100,1,18,3,63,8
100,1,30,1,47,8
100,1,20,2,53,7
100,1,22,2,56,0
100,1,21,1,42,0
100,1,17,1,54,3
100,1,16,2,51,9
100,1,24,2,46,0
100,1,24,2,40,4
100,1,16,0,48,1
100,1,30,4,60,2
100,1,14,1,53,6
100,1,13,3,66,5
100,1,19,0,61,7
100,1,17,2,51,3
100,1,9,4,56,1
100,1,25,0,59,7
100,1,32,5,48,8
100,1,19,3,47,5
100,1,21,1,49,7
100,1,32,1,43,6
100,1,15,1,53,9
100,1,15,1,47,0
100,1,32,3,53,7
100,1,26,3,61,6
100,1,20,2,50,8
100,1,21,2,53,6
100,1,17,3,38,9
100,1,16,3,50,2
100,1,20,1,57,8
100,1,21,4,57,8
100,1,16,3,60,4
100,1,25,3,54,0
100,1,23,2,40,1
100,1,17,8,71,0
100,1,17,7,46,0
100,1,19,0,64,8
100,1,29,3,40,3
100,1,16,5,58,0
100,1,21,2,53,7
100,1,31,2,36,3
100,1,19,3,41,6
100,1,16,2,33,5
100,1,21,2,49,4
100,1,18,2,58,8
100,1,15,1,44,4
100,1,21,3,46,4
100,1,26,2,52,7
100,1,18,0,58,9
100,1,20,2,45,8
100,1,18,2,57,8
100,1,21,2,54,8
100,1,27,2,36,5
100,1,18,1,43,7
100,1,16,2,51,3
100,1,20,0,54,3
100,1,15,2,58,6
100,1,29,4,36,4
100,1,12,0,54,7
100,1,27,1,50,7
100,1,21,0,51,2
100,1,16,4,51,6
100,1,24,7,42,0
100,1,26,3,42,9
100,1,20,1,47,6
100,1,21,3,47,1
100,1,19,2,42,4
100,1,16,3,39,6
100,1,24,4,39,7
100,1,16,1,42,6
100,1,23,2,37,6
100,1,25,2,47,1
100,1,15,2,41,6
100,1,18,2,52,8
100,1,23,0,50,4
100,1,19,0,52,2
100,1,25,4,54,8
100,1,15,2,65,8
100,1,13,2,33,1
100,1,21,2,65,1
100,1,23,2,49,0
100,1,30,4,41,9
100,1,17,2,59,0
100,1,12,2,37,4
100,1,16,1,31,0
100,1,20,2,54,2
100,1,23,6,50,0
100,1,23,2,57,4
100,1,25,2,45,0
100,1,25,0,55,3
100,1,18,1,67,5
100,2,14,3,33,8
100,2,19,1,60,7
100,2,23,2,57,7
100,2,19,1,66,3
100,2,20,1,45,2
100,2,24,3,46,8
100,2,22,1,53,4
100,2,24,1,37,8
100,2,22,2,56,8
100,2,21,4,47,0
100,2,15,3,71,4
100,2,19,3,48,6
100,2,25,1,41,7
100,2,15,2,49,6
100,2,24,0,52,7
100,2,16,2,63,9
100,2,16,2,26,8
100,2,16,10,47,0
100,2,17,2,50,7
100,2,12,3,59,5
100,2,23,1,66,0
100,2,26,2,64,9
100,2,14,2,63,7
100,2,18,1,53,3
100,2,27,3,51,8
100,2,18,4,32,6
100,2,13,3,51,8
100,2,17,1,66,1
100,2,20,2,52,1
100,2,22,2,55,9
100,2,14,1,61,0
100,2,24,1,51,3
100,2,17,0,59,9
100,2,19,1,65,9
100,2,30,3,43,3
100,2,18,1,48,8
100,2,25,1,59,6
100,2,16,0,50,7
100,2,18,1,59,8
100,2,24,1,55,8
100,2,20,0,52,7
100,2,25,2,46,9
100,2,17,1,47,1
100,2,21,3,60,8
100,2,24,4,58,7
100,2,24,1,55,8
100,2,26,4,48,4
100,2,21,3,46,5
100,2,23,3,28,2
100,2,21,3,65,8
100,2,25,0,61,9
100,2,17,4,49,7
100,2,19,0,37,8
100,2,27,3,44,6
100,2,18,4,39,2
100,2,17,2,65,8
100,2,30,2,49,7
100,2,29,0,44,6
100,2,28,2,36,2
100,2,28,1,54,2
100,2,18,2,49,3
100,2,24,2,54,0
100,2,19,1,51,7
100,2,16,2,51,9
100,2,32,3,37,3
100,2,21,0,41,0
100,2,28,3,52,1
100,2,20,3,50,8
100,2,22,0,49,8
100,2,9,3,54,8
100,2,19,2,36,6
100,2,28,0,65,8
100,2,25,3,44,8
100,2,21,3,45,0
100,2,25,4,42,4
100,2,22,3,57,1
100,2,18,2,51,8
100,2,12,3,63,6
100,2,16,0,50,6
100,2,24,1,47,6
100,2,23,3,62,7
100,2,14,1,40,7
100,2,23,2,47,8
100,2,24,3,66,0
100,2,21,0,45,8
100,2,17,0,60,8
100,2,24,1,43,5
100,2,15,2,54,1
100,2,20,3,55,7
100,2,21,5,56,0
100,2,18,3,54,9
100,2,17,6,56,0
100,2,14,1,53,7
100,2,31,4,40,3
100,2,12,1,50,7
100,2,16,2,47,9
100,2,13,1,36,5
100,2,14,2,60,8
100,2,23,3,42,3
100,2,19,0,48,5
100,3,13,2,59,7
100,3,19,2,26,8
100,3,23,2,64,9
100,3,23,3,64,6
100,3,20,0,51,4
100,3,17,3,52,2
100,3,29,1,47,8
100,3,20,2,56,1
100,3,14,4,55,9
100,3,12,2,45,0
100,3,17,2,67,0
100,3,20,2,46,8
100,3,21,3,44,4
100,3,15,1,57,3
100,3,19,3,44,5
100,3,24,0,61,3
100,3,16,4,55,7
100,3,21,1,52,5
100,3,21,2,53,6
100,3,28,0,43,3
100,3,24,0,53,2
100,3,25,4,57,0
100,3,14,4,57,3
100,3,18,2,46,9
100,3,14,4,52,8
100,3,19,4,37,0
100,3,25,2,50,8
100,3,20,3,59,0
100,3,22,2,53,9
100,3,23,0,55,0
100,3,18,1,40,5
100,3,21,1,48,1
100,3,26,2,23,0
100,3,13,2,54,6
100,3,19,3,47,0
100,3,17,0,58,6
100,3,22,2,56,2
100,3,19,1,50,6
100,3,22,3,40,5
100,3,29,1,44,5
100,3,22,3,54,8
100,3,17,1,34,3
100,3,29,2,49,8
100,3,26,0,55,2
100,3,14,1,70,8
100,3,19,7,54,1
100,3,16,3,32,7
100,3,16,0,53,3
100,3,18,1,62,1
100,3,19,1,60,7
100,3,11,2,68,4
100,3,19,0,50,5
100,3,14,2,51,8
100,3,25,4,52,8
100,3,18,2,51,8
100,3,17,2,38,5
100,3,16,5,26,2
100,3,21,3,57,0
100,3,21,1,48,0
100,3,14,1,46,8
100,3,16,1,43,8
100,3,18,1,50,8
100,3,29,6,60,0
100,3,19,2,47,7
100,3,23,5,48,0
100,3,19,1,73,0
100,3,13,1,59,8
100,3,23,2,55,4
100,3,15,4,62,2
100,3,15,5,55,4
100,3,25,1,58,6
100,3,17,2,45,8
100,3,18,3,36,0
100,3,18,2,62,5
100,3,19,7,66,0
100,3,21,1,41,3
100,3,18,5,55,4
100,3,12,2,57,9
100,3,19,2,56,5
100,3,19,2,44,7
100,3,33,4,41,7
100,3,26,2,52,9
100,3,23,3,57,3
100,3,24,2,33,6
100,3,10,2,66,6
100,3,23,1,57,6
100,3,17,2,51,0
100,3,23,2,51,9
100,3,22,1,58,5
100,3,15,2,52,2
100,3,24,0,40,9
100,3,25,1,46,0
100,3,16,2,57,7
100,3,23,3,46,9
100,3,18,0,49,8
100,3,17,3,55,1
100,3,14,1,53,7
100,3,24,2,58,8
100,3,21,0,59,0
100,3,20,1,46,0
100,4,26,5,37,0
100,4,16,3,39,1
100,4,20,3,57,8
100,4,11,10,65,0
100,4,27,1,29,1
100,4,26,0,57,9
100,4,22,3,41,8
100,4,21,0,49,3
100,4,23,1,48,8
100,4,26,3,42,0
100,4,19,3,58,8
100,4,21,0,53,9
100,4,14,1,52,5
100,4,26,1,39,3
100,4,26,1,52,9
100,4,10,2,68,3
100,4,30,2,42,0
100,4,16,1,43,5
100,4,21,4,37,2
100,4,16,3,63,7
100,4,15,0,50,4
100,4,26,0,47,9
100,4,18,5,52,8
100,4,26,3,54,5
100,4,16,2,39,8
100,4,23,2,72,5
100,4,15,3,32,6
100,4,20,2,50,2
100,4,33,4,40,1
100,4,11,2,53,4
100,4,15,1,47,8
100,4,14,3,51,7
100,4,19,5,54,0
100,4,25,4,44,3
100,4,15,0,47,8
100,4,14,3,47,0
100,4,29,2,32,9
100,4,12,3,54,7
100,4,17,3,40,4
100,4,18,2,58,7
100,4,17,0,56,8
100,4,22,2,34,6
100,4,22,2,69,0
100,4,18,4,44,6
100,4,16,1,43,7
100,4,31,4,49,7
100,4,30,1,39,0
100,4,25,2,60,9
100,4,9,7,63,0
100,4,20,1,47,9
100,4,25,2,68,3
100,4,20,3,49,0
100,4,18,1,51,7
100,4,22,5,34,4
100,4,28,2,39,4
100,4,14,1,62,8
100,4,22,1,52,2
100,4,9,1,55,6
100,4,17,1,57,0
100,4,18,1,31,8
100,4,27,3,62,4
100,4,24,1,46,9
100,4,22,2,33,3
100,4,18,4,64,8
100,4,22,1,52,8
100,4,19,5,39,1
100,4,22,1,53,8
100,4,21,1,63,8
100,4,20,0,49,7
100,4,23,3,48,9
100,4,19,2,61,8
100,4,23,1,45,9
100,4,23,4,53,9
100,4,25,2,56,0
100,4,34,4,42,9
100,4,19,0,46,6
100,4,26,3,41,7
100,4,23,4,46,8
100,4,19,2,38,5
100,4,18,3,56,5
100,4,22,1,53,6
100,4,29,1,54,9
100,4,18,1,62,6
100,4,19,2,67,8
100,4,17,0,58,7
100,4,16,5,29,8
100,4,20,3,35,3
100,4,19,2,67,8
100,4,26,1,51,4
100,4,14,2,52,0
100,4,11,0,60,3
100,4,29,2,59,8
100,4,22,3,50,9
100,4,18,7,59,0
100,4,18,1,40,5
100,4,21,4,54,1
100,4,25,3,45,0
100,4,16,2,54,2
100,4,21,2,63,7
100,4,24,3,40,8
100,5,17,3,52,6
100,5,11,1,63,3
100,5,19,3,62,9
100,5,23,0,42,2
100,5,22,3,73,8
100,5,16,3,57,0
100,5,16,2,46,3
100,5,24,3,56,5
100,5,22,1,40,7
100,5,24,0,48,5
100,5,21,0,35,8
100,5,20,5,61,6
100,5,19,3,67,8
100,5,17,1,37,2
100,5,19,2,73,4
100,5,19,3,70,9
100,5,14,1,37,0
100,5,19,0,50,9
100,5,28,2,43,3
100,5,18,2,48,4
100,5,24,2,54,8
100,5,40,0,38,9
100,5,15,1,41,8
100,5,20,1,48,6
100,5,24,1,39,3
100,5,16,3,58,9
100,5,12,4,74,9
100,5,23,1,45,2
100,5,22,1,58,3
100,5,24,1,44,7
100,5,14,2,62,8
100,5,21,3,44,9
100,5,19,1,51,1
100,5,13,4,58,5
100,5,22,2,56,6
100,5,23,3,51,5
100,5,12,2,55,6
100,5,26,1,51,3
100,5,25,0,50,4
100,5,25,2,49,1
100,5,16,4,49,3
100,5,21,0,37,5
100,5,27,0,43,7
100,5,18,3,66,0
100,5,19,2,59,9
100,5,19,0,41,7
100,5,25,0,37,8
100,5,26,0,67,8
100,5,23,2,38,1
100,5,21,2,42,8
100,5,18,2,65,6
100,5,19,3,52,8
100,5,13,4,66,1
100,5,18,4,63,6
100,5,16,0,56,7
100,5,20,3,47,5
100,5,28,3,57,0
100,5,33,3,50,1
100,5,21,4,38,0
100,5,19,1,60,8
100,5,14,3,48,3
100,5,12,2,51,2
100,5,14,4,40,7
100,5,13,2,61,8
100,5,14,2,49,2
100,5,22,4,68,9
100,5,18,3,67,4
100,5,23,0,46,0
100,5,20,3,46,9
100,5,26,5,37,9
100,5,24,2,38,5
100,5,19,1,65,9
100,5,24,3,48,4
100,5,15,3,56,5
100,5,19,2,52,2
100,5,26,3,27,8
100,5,22,2,65,9
100,5,26,1,30,9
100,5,23,3,39,7
100,5,18,5,64,3
100,5,23,4,57,0
100,5,20,1,45,3
100,5,19,3,52,7
100,5,19,0,59,7
100,5,23,4,47,0
100,5,18,3,54,8
100,5,21,2,57,7
100,5,22,1,33,7
100,5,13,0,44,8
100,5,27,4,50,8
100,5,15,1,49,5
100,5,16,3,58,0
100,5,21,3,60,5
100,5,18,0,55,5
100,5,30,4,57,8
100,5,13,4,52,0
100,5,22,2,40,8
100,5,17,2,52,9
100,5,19,0,65,3
100,5,11,0,42,3
100,6,22,4,45,1
100,6,22,4,55,5
100,6,20,2,40,8
100,6,17,1,54,5
100,6,33,1,56,8
100,6,27,3,34,6
100,6,22,2,42,2
100,6,20,3,54,8
100,6,20,2,40,6
100,6,22,3,57,8
100,6,22,1,40,3
100,6,13,3,61,0
100,6,17,4,31,6
100,6,28,1,47,1
100,6,24,2,52,7
100,6,24,3,27,0
100,6,18,2,47,5
100,6,15,5,50,7
100,6,16,1,60,0
100,6,18,3,53,1
100,6,16,3,47,4
100,6,23,3,51,0
100,6,17,2,52,0
100,6,17,3,66,8
100,6,31,5,47,0
100,6,21,2,42,0
100,6,21,4,61,5
100,6,20,3,58,0
100,6,24,2,46,9
100,6,17,0,55,9
100,6,17,5,53,4
100,6,11,0,62,5
100,6,22,1,61,9
100,6,24,2,64,0
100,6,22,0,44,4
100,6,20,1,47,7
100,6,23,0,43,7
100,6,24,4,51,3
100,6,29,0,37,8
100,6,23,1,48,0
100,6,14,2,45,8
100,6,28,2,45,5
100,6,30,4,39,6
100,6,17,2,63,5
100,6,21,1,54,2
100,6,17,2,39,7
100,6,15,2,22,6
100,6,12,1,45,8
100,6,15,2,44,7
100,6,25,3,28,6
100,6,15,7,44,3
100,6,14,3,48,4
100,6,26,7,47,0
100,6,23,1,30,1
100,6,25,2,52,6
100,6,24,3,38,5
100,6,23,3,46,7
100,6,22,3,62,4
100,6,26,1,51,7
100,6,18,0,58,6
100,6,29,3,30,8
100,6,18,0,58,8
100,6,18,5,65,0
100,6,23,4,38,0
100,6,23,3,49,0
100,6,23,0,59,6
100,6,19,1,58,8
100,6,21,1,50,8
100,6,23,2,46,7
100,6,19,0,49,6
100,6,21,3,30,0
100,6,24,2,56,7
100,6,20,3,36,3
100,6,26,1,55,7
100,6,23,0,45,8
100,6,22,3,34,5
100,6,18,5,38,3
100,6,23,3,61,0
100,6,8,4,47,9
100,6,23,2,66,0
100,6,23,0,48,3
100,6,14,0,51,0
100,6,16,0,42,8
100,6,26,4,57,2
100,6,21,0,42,8
100,6,24,1,44,8
100,6,17,1,44,6
100,6,14,5,57,0
100,6,18,3,58,9
100,6,17,0,64,6
100,6,19,0,62,6
100,6,21,1,41,5
100,6,29,4,41,4
100,6,21,1,37,2
100,6,15,3,42,0
100,6,18,3,57,5
100,6,20,3,49,3
100,6,28,3,41,4
100,6,15,2,65,5
100,6,22,1,55,0
100,7,24,1,64,7
100,7,21,3,67,6
100,7,27,2,42,6
100,7,26,2,49,1
100,7,17,4,63,9
100,7,17,3,58,7
100,7,16,1,68,8
100,7,17,2,57,5
100,7,25,1,48,7
100,7,14,5,46,1
100,7,22,2,50,7
100,7,15,0,47,0
100,7,19,0,62,6
100,7,23,3,45,0
100,7,16,0,47,8
100,7,26,1,60,0
100,7,21,2,48,5
100,7,25,3,58,2
100,7,21,3,40,8
100,7,18,1,45,3
100,7,10,1,49,8
100,7,19,5,61,0
100,7,25,2,44,6
100,7,18,3,64,8
100,7,18,2,54,3
100,7,21,0,53,7
100,7,27,2,40,8
100,7,16,0,52,8
100,7,19,2,68,1
100,7,19,3,42,6
100,7,18,3,49,1
100,7,20,3,48,6
100,7,21,2,54,6
100,7,17,4,43,0
100,7,22,2,38,9
100,7,21,3,55,8
100,7,24,2,59,4
100,7,22,3,44,0
100,7,24,2,55,8
100,7,24,1,34,6
100,7,18,2,59,2
100,7,20,2,52,4
100,7,18,0,60,1
100,7,15,5,52,8
100,7,24,4,43,0
100,7,18,2,44,9
100,7,28,0,36,9
100,7,15,1,60,7
100,7,18,0,40,2
100,7,21,2,66,1
100,7,18,0,65,2
100,7,26,2,53,7
100,7,17,1,48,8
100,7,19,1,42,6
100,7,20,4,54,0
100,7,21,2,34,8
100,7,19,3,55,0
100,7,24,1,72,8
100,7,19,2,61,5
100,7,13,1,29,2
100,7,26,2,42,9
100,7,16,2,52,1
100,7,18,2,57,5
100,7,20,1,60,7
100,7,20,4,76,5
100,7,24,1,40,8
100,7,21,2,50,1
100,7,13,1,47,6
100,7,25,2,50,7
100,7,18,1,49,8
100,7,23,3,47,5
100,7,28,1,43,6
100,7,24,1,61,0
100,7,27,4,58,6
100,7,13,0,52,1
100,7,20,3,57,8
100,7,16,1,44,6
100,7,17,3,43,6
100,7,23,1,52,5
100,7,12,0,62,9
100,7,13,2,65,7
100,7,26,2,52,7
100,7,21,2,55,0
100,7,22,4,66,8
100,7,28,2,45,1
100,7,24,3,42,8
100,7,19,4,53,2
100,7,20,3,36,0
100,7,20,0,54,4
100,7,15,2,56,4
100,7,20,2,54,7
100,7,20,2,39,8
100,7,27,2,53,8
100,7,27,1,33,6
100,7,19,3,34,0
100,7,16,2,62,6
100,7,26,3,51,8
100,7,13,2,66,1
100,7,18,3,60,7
100,7,18,0,46,8
100,8,24,2,47,3
100,8,22,2,47,1
100,8,16,1,35,8
100,8,21,3,52,7
100,8,19,0,62,7
100,8,19,1,52,5
100,8,13,3,51,6
100,8,23,1,30,7
100,8,21,1,47,6
100,8,20,7,51,0
100,8,22,2,67,8
100,8,20,4,50,5
100,8,18,0,53,8
100,8,22,0,56,1
100,8,26,1,44,3
100,8,17,0,50,5
100,8,25,2,54,8
100,8,20,2,68,7
100,8,24,4,48,0
100,8,18,4,48,3
100,8,24,4,63,6
100,8,25,5,51,9
100,8,14,3,62,6
100,8,19,4,64,4
100,8,19,3,63,2
100,8,20,2,51,7
100,8,25,1,42,3
100,8,18,0,48,2
100,8,21,2,53,1
100,8,27,2,44,7
100,8,22,4,43,7
100,8,20,1,59,5
100,8,17,3,52,9
100,8,21,2,37,8
100,8,14,2,51,6
100,8,14,3,46,9
100,8,19,0,44,7
100,8,18,1,49,7
100,8,24,1,41,4
100,8,31,0,43,0
100,8,16,2,70,3
100,8,18,1,45,4
100,8,26,1,55,5
100,8,20,4,64,0
100,8,20,1,49,7
100,8,22,2,47,5
100,8,20,4,62,0
100,8,18,5,47,0
100,8,22,2,33,0
100,8,19,1,55,0
100,8,26,1,31,5
100,8,27,3,57,0
100,8,17,0,37,9
100,8,25,3,56,9
100,8,25,3,60,3
100,8,12,5,45,0
100,8,20,3,41,9
100,8,16,4,42,8
100,8,18,1,45,0
100,8,26,3,51,8
100,8,22,7,69,0
100,8,18,2,43,6
100,8,26,5,55,9
100,8,16,1,55,9
100,8,19,2,66,0
100,8,16,2,52,1
100,8,22,1,48,8
100,8,29,0,45,7
100,8,27,4,61,6
100,8,19,3,47,7
100,8,6,2,38,9
100,8,27,2,32,9
100,8,17,5,75,8
100,8,17,1,40,2
100,8,30,0,63,3
100,8,15,4,67,0
100,8,15,1,65,4
100,8,22,1,36,3
100,8,18,3,55,7
100,8,11,3,66,8
100,8,22,3,64,1
100,8,17,1,56,8
100,8,19,1,45,0
100,8,21,2,65,7
100,8,18,10,57,0
100,8,20,0,43,2
100,8,14,2,55,6
100,8,24,4,60,1
100,8,17,2,39,0
100,8,22,0,54,4
100,8,21,2,46,3
100,8,19,2,48,5
100,8,19,1,57,2
100,8,31,2,60,1
100,8,23,1,52,1
100,8,27,3,55,7
100,8,15,5,55,0
100,8,25,3,47,9
100,8,24,0,55,4
100,8,23,3,48,1
100,9,26,2,51,0
100,9,16,1,62,6
100,9,18,5,42,7
100,9,21,1,54,8
100,9,23,6,50,0
100,9,17,4,57,9
100,9,18,1,45,9
100,9,25,2,43,5
100,9,16,2,58,8
100,9,18,3,57,2
100,9,12,3,54,8
100,9,30,1,49,8
100,9,29,1,55,9
100,9,24,4,58,1
100,9,22,5,51,1
100,9,16,6,42,0
100,9,16,2,56,4
100,9,20,1,43,7
100,9,22,2,54,9
100,9,23,3,41,5
100,9,23,2,45,7
100,9,19,2,37,0
100,9,9,2,56,7
100,9,14,0,69,0
100,9,20,0,34,7
100,9,21,5,54,0
100,9,15,2,65,0
100,9,22,2,55,5
100,9,24,2,49,0
100,9,23,1,55,5
100,9,23,3,36,0
100,9,15,1,43,4
100,9,19,1,47,8
100,9,17,3,51,1
100,9,22,3,52,5
100,9,16,3,69,0
100,9,14,0,36,3
100,9,16,2,54,0
100,9,30,2,38,7
100,9,20,2,55,8
100,9,22,0,37,8
100,9,24,2,61,8
100,9,18,4,59,0
100,9,23,0,53,7
100,9,27,1,38,4
100,9,22,1,44,8
100,9,21,2,49,7
100,9,10,3,57,1
100,9,16,2,54,0
100,9,18,0,39,7
100,9,12,2,61,7
100,9,27,2,52,5
100,9,24,2,57,7
100,9,24,1,45,8
100,9,15,8,49,0
100,9,19,1,52,1
100,9,19,1,29,6
100,9,20,2,27,8
100,9,22,3,52,8
100,9,30,0,58,3
100,9,17,1,50,6
100,9,12,2,46,7
100,9,20,3,50,0
100,9,26,3,42,7
100,9,25,1,52,1
100,9,20,2,54,7
100,9,17,1,55,8
100,9,20,5,61,0
100,9,14,3,41,5
100,9,25,2,49,6
100,9,15,1,60,6
100,9,17,1,53,6
100,9,16,2,61,1
100,9,21,3,36,0
100,9,17,3,45,6
100,9,21,1,61,8
100,9,31,2,45,0
100,9,20,4,40,0
100,9,14,1,55,3
100,9,22,5,54,0
100,9,19,2,37,0
100,9,34,4,51,6
100,9,31,0,43,5
100,9,17,4,44,6
100,9,25,0,56,6
100,9,22,2,46,8
100,9,21,1,58,0
100,9,16,0,39,4
100,9,19,2,52,9
100,9,23,0,54,4
100,9,32,2,50,1
100,9,30,2,53,6
100,9,28,0,50,9
100,9,16,5,47,0
100,9,13,4,57,6
100,9,18,3,49,1
100,9,14,1,70,0
100,9,22,0,41,6
100,9,26,3,46,7
100,9,26,4,60,7
100,10,11,2,33,9
100,10,12,3,55,5
100,10,24,2,40,3
100,10,19,4,67,8
100,10,11,3,57,8
100,10,22,4,33,4
100,10,28,4,52,6
100,10,16,2,59,8
100,10,22,2,48,7
100,10,22,1,32,7
100,10,20,4,66,7
100,10,24,3,51,8
100,10,13,1,55,7
100,10,17,2,56,8
100,10,16,1,31,7
100,10,24,3,35,8
100,10,21,3,31,2
100,10,16,2,52,5
100,10,25,0,36,4
100,10,32,0,41,6
100,10,11,2,49,2
100,10,22,1,26,8
100,10,14,3,63,4
100,10,12,1,45,9
100,10,12,0,53,7
100,10,21,4,54,0
100,10,20,6,48,0
100,10,29,2,50,9
100,10,26,0,52,6
100,10,25,2,51,2
100,10,29,3,36,8
100,10,17,4,39,7
100,10,20,4,38,7
100,10,23,1,60,8
100,10,21,2,35,0
100,10,16,2,55,8
100,10,24,1,42,0
100,10,21,1,50,5
100,10,25,3,35,9
100,10,35,1,44,8
100,10,10,4,60,9
100,10,15,0,53,8
100,10,23,3,43,0
100,10,15,1,59,8
100,10,16,2,53,0
100,10,18,3,39,6
100,10,20,2,53,1
100,10,14,1,50,2
100,10,28,3,51,8
100,10,18,2,45,2
100,10,20,4,53,0
100,10,18,1,61,8
100,10,25,0,34,8
100,10,21,2,40,1
100,10,29,2,44,0
100,10,22,1,49,5
100,10,30,0,46,9
100,10,11,1,60,4
100,10,22,3,32,9
100,10,12,1,33,2
100,10,20,1,60,9
100,10,25,3,57,0
100,10,19,2,38,8
100,10,21,5,61,0
100,10,24,2,36,4
100,10,26,0,54,7
100,10,13,0,54,8
100,10,17,3,66,0
100,10,21,3,55,0
100,10,15,1,57,7
100,10,28,1,58,8
100,10,19,7,58,0
100,10,23,1,55,0
100,10,17,4,58,6
100,10,20,1,50,3
100,10,19,3,66,8
100,10,20,0,50,7
100,10,11,2,47,3
100,10,26,3,55,3
100,10,13,2,55,8
100,10,22,1,68,3
100,10,18,1,41,5
100,10,14,0,64,8
100,10,15,2,63,5
100,10,18,2,60,2
100,10,24,3,50,8
100,10,19,1,49,9
100,10,18,2,56,6
100,10,22,2,55,1
100,10,21,4,53,5
100,10,17,4,50,7
100,10,18,1,36,6
100,10,21,2,48,3
100,10,14,3,61,9
100,10,14,1,38,6
100,10,19,3,51,8
100,10,23,4,48,7
100,10,15,4,40,2
100,10,20,2,52,8
100,10,22,5,45,2
100,11,21,2,43,9
100,11,21,11,33,0
100,11,17,2,45,0
100,11,33,3,46,2
100,11,19,3,26,8
100,11,19,2,62,9
100,11,14,2,55,3
100,11,17,1,46,8
100,11,20,4,52,8
100,11,17,3,55,8
100,11,31,1,39,0
100,11,22,1,54,3
100,11,23,2,31,4
100,11,32,1,55,8
100,11,14,0,54,7
100,11,22,3,57,9
100,11,24,1,34,6
100,11,15,0,46,6
100,11,27,1,41,7
100,11,17,3,28,8
100,11,15,1,38,4
100,11,22,1,40,7
100,11,11,3,48,7
100,11,19,2,54,4
100,11,13,1,62,8
100,11,15,1,57,7
100,11,23,2,39,6
100,11,23,2,32,7
100,11,15,1,48,8
100,11,20,2,47,1
100,11,27,1,41,8
100,11,23,4,44,0
100,11,20,3,38,7
100,11,23,2,41,7
100,11,23,1,54,9
100,11,19,1,46,2
100,11,20,4,35,0
100,11,25,5,56,6
100,11,29,1,44,5
100,11,16,3,51,2
100,11,19,3,55,4
100,11,19,3,54,7
100,11,18,4,49,8
100,11,16,4,48,9
100,11,26,3,53,8
100,11,13,3,65,7
100,11,20,1,41,5
100,11,20,2,37,0
100,11,9,0,46,5
100,11,19,2,61,8
100,11,20,3,56,0
100,11,16,4,52,8
100,11,33,2,43,6
100,11,18,3,46,8
100,11,19,1,47,9
100,11,21,1,38,0
100,11,17,0,63,8
100,11,24,3,56,1
100,11,12,1,40,9
100,11,24,2,41,9
100,11,17,1,45,8
100,11,30,7,61,0
100,11,27,3,61,6
100,11,19,0,56,4
100,11,16,1,54,8
100,11,14,3,60,1
100,11,22,0,63,3
100,11,24,1,43,8
100,11,21,2,59,3
100,11,24,0,53,2
100,11,19,0,50,0
100,11,17,2,66,9
100,11,28,4,49,0
100,11,16,0,51,0
100,11,16,0,39,8
100,11,18,0,56,7
100,11,40,4,35,8
100,11,12,0,46,9
100,11,26,3,74,8
100,11,18,1,54,8
100,11,25,3,66,7
100,11,20,2,49,9
100,11,28,2,45,5
100,11,21,2,47,8
100,11,19,2,52,0
100,11,23,1,62,4
100,11,25,1,53,9
100,11,28,7,41,0
100,11,17,4,48,0
100,11,25,3,41,5
100,11,20,3,59,7
100,11,21,3,44,8
100,11,19,4,58,8
100,11,25,2,40,4
100,11,24,3,46,2
100,11,17,2,58,8
100,11,12,2,62,8
100,11,17,2,47,5
100,11,23,4,46,6
100,11,25,0,53,1
100,12,23,2,45,9
100,12,36,3,45,9
100,12,14,3,78,4
100,12,22,2,43,8
100,12,25,2,54,4
100,12,17,3,53,1
100,12,20,1,57,3
100,12,22,0,50,5
100,12,15,2,49,8
100,12,17,4,45,7
100,12,23,6,53,0
100,12,29,2,55,7
100,12,19,0,49,0
100,12,19,0,43,8
100,12,19,2,55,6
100,12,11,4,62,6
100,12,22,0,54,4
100,12,20,3,52,8
100,12,16,2,53,9
100,12,15,0,60,8
100,12,23,0,60,7
100,12,20,3,40,2
100,12,24,2,34,5
100,12,22,3,38,1
100,12,15,1,60,8
100,12,9,3,48,0
100,12,15,2,46,6
100,12,20,1,45,2
100,12,19,1,34,2
100,12,17,4,55,8
100,12,20,4,61,7
100,12,21,1,57,3
100,12,17,3,57,8
100,12,16,4,59,7
100,12,28,7,50,0
100,12,30,6,26,0
100,12,17,1,46,5
100,12,25,1,65,5
100,12,13,5,54,0
100,12,20,3,56,8
100,12,18,0,54,7
100,12,32,0,54,7
100,12,16,1,49,4
100,12,28,3,63,8
100,12,12,1,61,0
100,12,9,2,74,1
100,12,18,0,62,4
100,12,23,1,47,9
100,12,20,2,47,8
100,12,17,1,54,5
100,12,17,2,51,0
100,12,19,2,50,8
100,12,20,3,26,1
100,12,17,3,58,7
100,12,22,1,56,0
100,12,10,2,51,8
100,12,18,0,67,4
100,12,31,2,35,9
100,12,22,3,57,5
100,12,17,2,51,0
100,12,20,3,61,7
100,12,26,2,52,9
100,12,15,0,52,9
100,12,19,0,57,4
100,12,26,0,53,0
100,12,11,2,62,1
100,12,19,2,46,8
100,12,22,3,47,9
100,12,16,4,67,8
100,12,19,4,63,6
100,12,20,5,52,0
100,12,19,1,46,7
100,12,19,2,46,6
100,12,20,3,51,8
100,12,16,2,63,0
100,12,23,1,47,6
100,12,16,2,63,8
100,12,19,2,37,5
100,12,25,4,53,0
100,12,20,2,59,1
100,12,24,1,47,9
100,12,21,2,37,1
100,12,22,3,48,0
100,12,22,3,49,9
100,12,13,2,55,4
100,12,19,0,49,7
100,12,26,4,44,8
100,12,14,1,58,6
100,12,18,1,56,3
100,12,15,2,55,7
100,12,28,1,38,0
100,12,23,1,54,2
100,12,23,3,50,0
100,12,19,2,57,6
100,12,21,2,42,8
100,12,19,2,64,7
100,12,12,3,48,6
100,12,23,2,40,0
100,12,8,1,69,5
100,12,14,4,51,4
100,13,22,8,46,0
100,13,22,1,52,3
100,13,21,1,44,9
100,13,19,1,52,3
100,13,17,1,69,8
100,13,17,1,73,2
100,13,21,2,39,1
100,13,23,4,51,1
100,13,28,2,31,6
100,13,18,2,49,4
100,13,13,1,49,6
100,13,20,2,46,8
100,13,21,1,48,6
100,13,21,1,62,0
100,13,26,3,47,8
100,13,25,3,41,8
100,13,23,3,24,7
100,13,36,2,41,6
100,13,14,4,64,5
100,13,18,0,45,4
100,13,16,4,46,0
100,13,19,1,59,7
100,13,28,4,47,0
100,13,16,2,52,4
100,13,23,2,29,4
100,13,14,2,47,4
100,13,20,2,56,4
100,13,20,2,49,9
100,13,21,3,52,0
100,13,20,2,57,4
100,13,10,1,43,7
100,13,27,0,40,0
100,13,20,2,38,1
100,13,21,2,60,5
100,13,33,3,41,0
100,13,16,3,62,6
100,13,16,0,49,7
100,13,17,2,47,3
100,13,27,4,37,8
100,13,19,0,51,8
100,13,10,3,39,8
100,13,16,1,58,6
100,13,12,3,54,8
100,13,23,2,47,5
100,13,21,4,55,8
100,13,22,1,53,8
100,13,19,4,56,8
100,13,24,2,39,3
100,13,28,3,29,0
100,13,21,1,53,9
100,13,19,2,65,8
100,13,17,3,56,9
100,13,21,3,21,8
100,13,17,4,52,8
100,13,20,1,46,7
100,13,27,1,38,4
100,13,20,3,42,6
100,13,31,4,60,1
100,13,11,1,68,8
100,13,19,4,49,0
100,13,15,2,44,5
100,13,18,2,67,8
100,13,25,2,31,9
100,13,24,4,41,0
100,13,19,3,62,0
100,13,22,2,54,9
100,13,22,9,39,0
100,13,31,0,54,2
100,13,19,2,58,6
100,13,20,3,55,8
100,13,27,2,56,8
100,13,21,3,58,0
100,13,28,3,51,1
100,13,19,2,50,8
100,13,22,1,41,8
100,13,21,1,60,8
100,13,16,1,54,1
100,13,17,1,59,4
100,13,14,1,51,3
100,13,13,0,60,6
100,13,24,0,45,8
100,13,19,2,51,9
100,13,22,3,48,0
100,13,16,3,52,7
100,13,17,5,47,6
100,13,22,3,59,0
100,13,18,1,43,5
100,13,18,1,55,7
100,13,17,3,54,8
100,13,20,4,48,3
100,13,26,2,63,1
100,13,20,1,58,4
100,13,12,1,51,0
100,13,25,2,58,1
100,13,19,2,59,7
100,13,16,3,56,4
100,13,25,1,37,7
100,13,16,3,49,1
100,13,28,2,37,8
100,13,11,1,47,9
100,14,17,1,47,8
100,14,19,2,38,7
100,14,25,2,63,8
100,14,21,4,51,1
100,14,16,2,48,6
100,14,18,0,53,6
100,14,16,1,60,2
100,14,14,3,62,8
100,14,25,0,48,4
100,14,16,2,63,0
100,14,18,5,48,1
100,14,22,5,40,0
100,14,15,0,36,8
100,14,25,0,43,4
100,14,25,2,68,0
100,14,23,4,66,4
100,14,33,2,44,8
100,14,25,3,44,2
100,14,23,0,39,6
100,14,21,4,67,8
100,14,23,4,49,6
100,14,29,1,32,5
100,14,18,0,48,6
100,14,28,0,56,1
100,14,12,1,68,5
100,14,32,2,60,7
100,14,19,2,54,9
100,14,30,4,56,4
100,14,18,0,52,8
100,14,22,0,46,5
100,14,15,3,56,3
100,14,23,2,35,0
100,14,20,3,43,4
100,14,16,0,46,0
100,14,18,3,52,8
100,14,17,4,64,0
100,14,21,4,50,1
100,14,14,4,32,7
100,14,16,1,65,7
100,14,15,1,59,0
100,14,15,1,66,7
100,14,24,2,42,7
100,14,25,5,51,3
100,14,13,2,48,7
100,14,17,1,62,4
100,14,25,3,42,6
100,14,13,2,54,8
100,14,19,1,49,0
100,14,24,7,54,0
100,14,36,2,35,8
100,14,29,4,53,5
100,14,19,4,53,8
100,14,19,1,72,8
100,14,15,5,53,7
100,14,20,3,50,2
100,14,16,2,33,8
100,14,18,0,54,6
100,14,24,2,36,6
100,14,22,2,37,8
100,14,15,3,47,7
100,14,17,1,49,2
100,14,25,1,54,0
100,14,23,4,36,8
100,14,8,4,39,3
100,14,15,3,54,8
100,14,16,7,54,0
100,14,19,5,49,0
100,14,19,0,56,0
100,14,17,0,66,8
100,14,21,3,37,8
100,14,25,1,43,9
100,14,19,1,50,1
100,14,17,2,60,0
100,14,18,1,37,8
100,14,19,3,60,8
100,14,16,1,63,6
100,14,11,2,50,0
100,14,22,1,45,5
100,14,20,3,43,7
100,14,16,0,50,4
100,14,22,4,40,1
100,14,17,1,44,8
100,14,18,4,49,6
100,14,19,4,40,6
100,14,20,2,40,6
100,14,21,2,49,8
100,14,19,0,43,4
100,14,21,0,39,6
100,14,18,3,54,1
100,14,21,2,55,2
100,14,28,0,42,4
100,14,18,4,47,4
100,14,28,2,55,8
100,14,16,1,56,1
100,14,18,3,66,8
100,14,14,2,60,0
100,14,19,1,62,5
100,14,23,3,51,5
100,14,22,2,40,8
100,14,21,2,44,5
100,15,24,1,61,0
100,15,18,2,27,8
100,15,23,8,36,0
100,15,20,2,51,0
100,15,21,1,52,6
100,15,18,2,42,2
100,15,14,1,45,6
100,15,19,2,38,6
100,15,19,3,43,5
100,15,18,5,52,2
100,15,19,1,53,5
100,15,24,4,52,8
100,15,23,1,49,7
100,15,22,2,44,6
100,15,18,1,68,3
100,15,16,3,55,1
100,15,21,5,64,2
100,15,25,1,60,9
100,15,20,2,51,8
100,15,14,2,54,7
100,15,14,1,57,0
100,15,23,2,45,4
100,15,11,3,60,9
100,15,19,4,55,9
100,15,23,3,31,5
100,15,24,4,51,0
100,15,18,0,50,0
100,15,24,2,33,0
100,15,28,0,55,8
100,15,24,2,58,2
100,15,19,1,66,6
100,15,21,0,49,8
100,15,22,1,68,7
100,15,30,2,38,0
100,15,27,1,34,2
100,15,26,3,59,8
100,15,23,0,52,6
100,15,24,4,26,0
100,15,19,1,53,4
100,15,21,2,45,1
100,15,23,4,51,7
100,15,21,3,52,3
100,15,14,4,48,0
100,15,18,1,45,6
100,15,21,0,57,8
100,15,19,1,51,6
100,15,26,3,37,0
100,15,22,0,43,2
100,15,24,4,58,0
100,15,24,2,47,6
100,15,14,1,56,5
100,15,19,1,47,8
100,15,10,0,41,6
100,15,26,0,49,3
100,15,25,3,51,8
100,15,16,2,51,5
100,15,20,3,51,8
100,15,19,4,37,8
100,15,21,0,37,7
100,15,28,0,47,6
100,15,18,2,40,4
100,15,28,2,50,1
100,15,24,1,53,6
100,15,17,0,44,4
100,15,19,1,46,0
100,15,22,0,51,8
100,15,27,0,48,8
100,15,18,4,41,2
100,15,19,3,54,0
100,15,24,0,72,8
100,15,16,2,56,7
100,15,20,2,61,7
100,15,18,3,54,0
100,15,29,2,48,8
100,15,22,1,40,5
100,15,15,5,48,7
100,15,15,1,51,6
100,15,24,5,49,8
100,15,18,2,55,1
100,15,24,3,55,6
100,15,30,2,59,2
100,15,27,0,48,7
100,15,18,1,52,9
100,15,23,3,50,7
100,15,27,3,48,1
100,15,24,3,52,8
100,15,26,2,45,5
100,15,12,4,58,0
100,15,28,2,53,8
100,15,15,1,49,7
100,15,22,0,54,0
100,15,20,3,43,7
100,15,21,0,57,8
100,15,19,3,60,5
100,15,31,2,56,0
100,15,21,1,43,2
100,15,19,3,57,9
100,15,16,1,67,5
100,15,21,0,41,0
100,15,30,0,30,7
100,16,18,2,50,0
100,16,17,2,57,7
100,16,18,6,60,0
100,16,27,1,39,6
100,16,16,0,43,6
100,16,22,1,45,8
100,16,19,0,66,4
100,16,20,2,53,7
100,16,23,2,46,0
100,16,23,1,57,6
100,16,22,3,52,7
100,16,26,9,42,0
100,16,22,1,52,0
100,16,21,2,67,9
100,16,21,4,56,0
100,16,18,5,55,9
100,16,23,2,48,0
100,16,19,4,54,8
100,16,14,2,55,7
100,16,16,4,51,2
100,16,19,1,52,8
100,16,25,2,69,8
100,16,24,1,47,3
100,16,19,2,52,7
100,16,21,2,59,6
100,16,22,0,50,4
100,16,23,5,20,2
100,16,14,2,60,6
100,16,19,4,49,0
100,16,19,1,53,6
100,16,14,2,65,3
100,16,23,0,52,5
100,16,15,4,50,5
100,16,29,0,45,7
100,16,17,0,30,7
100,16,24,3,54,8
100,16,32,3,39,4
100,16,20,4,56,0
100,16,22,3,43,1
100,16,19,0,44,6
100,16,13,1,38,6
100,16,22,3,48,6
100,16,21,4,44,2
100,16,17,1,64,9
100,16,12,2,41,8
100,16,12,2,68,2
100,16,18,1,46,0
100,16,19,4,55,7
100,16,20,1,66,3
100,16,22,2,43,7
100,16,22,5,31,0
100,16,26,1,39,9
100,16,22,1,54,8
100,16,19,2,53,3
100,16,12,6,55,0
100,16,27,2,62,8
100,16,19,4,54,6
100,16,25,1,43,9
100,16,25,0,47,8
100,16,20,4,61,0
100,16,15,1,60,4
100,16,22,3,49,9
100,16,23,3,56,0
100,16,19,2,43,0
100,16,16,0,55,2
100,16,19,4,54,3
100,16,15,3,54,9
100,16,13,2,64,3
100,16,11,4,59,9
100,16,19,3,47,0
100,16,20,2,45,3
100,16,21,2,56,8
100,16,25,2,66,8
100,16,25,1,63,9
100,16,16,3,63,4
100,16,24,1,53,5
100,16,14,4,46,2
100,16,28,3,50,8
100,16,30,2,50,8
100,16,14,2,66,5
100,16,21,3,57,0
100,16,18,2,49,8
100,16,18,2,56,7
100,16,16,5,56,8
100,16,15,2,53,5
100,16,26,1,55,7
100,16,30,4,57,5
100,16,17,1,44,8
100,16,26,4,38,0
100,16,15,1,46,6
100,16,25,1,69,8
100,16,20,3,39,9
100,16,20,0,52,9
100,16,20,1,39,4
100,16,23,3,50,2
100,16,25,2,25,0
100,16,28,0,61,7
100,16,24,3,53,6
100,16,28,4,46,8
100,16,10,7,47,0
100,17,22,3,33,1
100,17,26,1,48,0
100,17,21,2,45,6
100,17,20,3,43,8
100,17,20,3,66,7
100,17,21,2,57,5
100,17,18,4,50,8
100,17,17,2,57,7
100,17,19,4,48,5
100,17,21,5,62,0
100,17,19,2,52,9
100,17,14,0,62,5
100,17,20,1,51,9
100,17,23,3,58,8
100,17,20,0,55,0
100,17,15,0,52,2
100,17,28,2,52,1
100,17,29,2,50,8
100,17,16,4,55,7
100,17,25,1,40,8
100,17,21,3,56,7
100,17,12,2,61,0
100,17,22,3,67,9
100,17,21,2,61,4
100,17,23,3,63,6
100,17,24,0,46,8
100,17,15,4,52,6
100,17,14,2,81,0
100,17,24,2,51,7
100,17,16,3,71,7
100,17,22,2,60,3
100,17,18,3,50,8
100,17,12,0,55,0
100,17,26,1,45,5
100,17,27,3,51,7
100,17,23,4,42,9
100,17,23,2,53,0
100,17,25,2,49,4
100,17,18,1,46,7
100,17,18,3,60,5
100,17,30,2,30,6
100,17,15,3,44,0
100,17,22,2,45,9
100,17,19,1,63,7
100,17,22,4,62,8
100,17,19,2,48,0
100,17,22,4,58,5
100,17,28,0,53,2
100,17,25,2,53,4
100,17,17,3,59,8
100,17,31,3,31,5
100,17,14,0,52,0
100,17,21,0,45,5
100,17,27,0,51,4
100,17,25,3,58,7
100,17,17,2,48,6
100,17,19,3,49,1
100,17,17,1,61,7
100,17,22,3,46,7
100,17,12,1,58,0
100,17,19,1,45,5
100,17,24,0,60,5
100,17,18,2,37,8
100,17,18,3,51,6
100,17,16,3,44,5
100,17,25,0,50,8
100,17,13,2,70,4
100,17,20,2,49,5
100,17,16,3,48,8
100,17,20,2,45,2
100,17,25,3,43,1
100,17,15,2,47,2
100,17,17,2,53,9
100,17,22,2,56,8
100,17,26,1,67,7
100,17,28,0,35,5
100,17,20,2,55,9
100,17,29,2,67,6
100,17,25,1,54,1
100,17,19,2,56,9
100,17,21,1,46,2
100,17,20,4,52,3
100,17,22,4,38,7
100,17,18,3,49,7
100,17,30,2,20,0
100,17,34,2,41,6
100,17,23,2,51,9
100,17,20,0,48,6
100,17,16,2,61,2
100,17,20,0,44,9
100,17,22,1,65,4
100,17,20,0,61,4
100,17,24,0,56,0
100,17,21,1,58,9
100,17,37,5,39,9
100,17,23,2,37,0
100,17,20,0,64,4
100,17,26,0,45,6
100,17,20,4,53,9
100,17,24,2,37,0
100,18,18,4,50,8
100,18,20,4,31,0
100,18,21,2,53,6
100,18,20,3,42,6
100,18,21,0,55,7
100,18,16,3,55,2
100,18,14,0,47,8
100,18,19,2,61,9
100,18,20,1,53,9
100,18,17,4,70,7
100,18,23,1,68,9
100,18,14,1,74,8
100,18,19,0,55,6
100,18,17,0,55,8
100,18,17,1,60,0
100,18,22,3,36,2
100,18,18,4,47,2
100,18,28,2,72,9
100,18,18,4,50,4
100,18,23,2,38,9
100,18,23,0,55,1
100,18,15,3,69,5
100,18,21,1,65,9
100,18,17,1,37,8
100,18,23,3,48,0
100,18,24,2,56,1
100,18,15,3,54,9
100,18,27,1,41,5
100,18,29,2,56,0
100,18,16,0,48,9
100,18,15,3,85,0
100,18,19,1,57,2
100,18,26,2,51,8
100,18,23,2,45,9
100,18,19,1,60,4
100,18,16,3,54,7
100,18,27,2,42,4
100,18,23,1,50,1
100,18,24,3,37,1
100,18,15,4,49,2
100,18,28,1,29,8
100,18,12,1,56,0
100,18,30,3,41,5
100,18,17,0,45,8
100,18,19,4,43,8
100,18,22,2,36,0
100,18,17,1,64,6
100,18,19,2,49,7
100,18,24,0,50,4
100,18,26,1,42,3
100,18,23,1,50,7
100,18,12,5,51,0
100,18,24,1,63,0
100,18,20,6,43,0
100,18,22,1,52,2
100,18,21,0,38,5
100,18,21,10,44,0
100,18,27,0,64,8
100,18,17,0,61,8
100,18,26,1,52,4
100,18,29,3,44,2
100,18,18,2,59,5
100,18,15,5,45,8
100,18,19,3,53,8
100,18,17,2,65,9
100,18,19,4,41,3
100,18,19,4,51,0
100,18,17,3,68,6
100,18,21,3,73,9
100,18,15,1,57,8
100,18,19,4,49,6
100,18,23,7,50,0
100,18,22,2,54,5
100,18,12,3,50,5
100,18,10,0,68,5
100,18,26,4,46,5
100,18,20,4,61,0
100,18,19,2,58,6
100,18,23,3,55,6
100,18,20,3,54,7
100,18,18,1,64,8
100,18,19,3,50,8
100,18,15,2,43,1
100,18,21,1,66,3
100,18,23,2,50,6
100,18,18,1,59,7
100,18,17,3,54,2
100,18,20,3,59,8
100,18,21,3,63,8
100,18,12,3,47,9
100,18,20,1,55,4
100,18,13,2,72,8
100,18,20,1,54,7
100,18,21,3,48,4
100,18,16,6,44,0
100,18,24,3,25,8
100,18,18,0,38,5
100,18,24,0,52,4
100,18,7,4,21,5
100,18,22,1,39,7
100,19,21,3,52,5
100,19,13,2,49,0
100,19,32,1,33,4
100,19,21,0,47,1
100,19,16,1,56,4
100,19,21,3,49,6
100,19,25,3,57,6
100,19,23,3,62,8
100,19,31,2,38,6
100,19,22,4,38,9
100,19,21,2,34,8
100,19,20,1,53,5
100,19,19,6,54,9
100,19,21,3,59,8
100,19,28,3,50,6
100,19,22,1,46,9
100,19,16,6,46,0
100,19,12,4,60,9
100,19,21,3,57,9
100,19,15,3,49,6
100,19,15,2,63,3
100,19,25,1,32,2
100,19,21,7,64,3
100,19,16,2,54,8
100,19,19,0,64,6
100,19,15,1,57,7
100,19,21,1,50,6
100,19,14,4,52,8
100,19,17,0,51,4
100,19,14,2,62,0
100,19,20,2,49,9
100,19,18,0,55,0
100,19,29,3,37,8
100,19,25,2,40,7
100,19,26,3,26,1
100,19,19,2,60,7
100,19,30,7,44,0
100,19,19,3,46,7
100,19,18,0,51,7
100,19,27,4,33,8
100,19,16,2,52,6
100,19,21,1,51,6
100,19,15,2,51,9
100,19,17,1,45,0
100,19,19,3,50,2
100,19,23,3,56,8
100,19,21,3,35,8
100,19,23,0,30,9
100,19,24,1,37,6
100,19,19,7,73,0
100,19,30,0,46,2
100,19,27,4,66,8
100,19,21,5,69,1
100,19,26,2,46,7
100,19,11,1,42,9
100,19,17,3,45,6
100,19,13,3,50,5
100,19,8,2,27,9
100,19,23,0,55,0
100,19,18,2,64,7
100,19,23,1,59,5
100,19,22,1,46,9
100,19,20,3,52,8
100,19,21,1,58,9
100,19,22,3,45,9
100,19,12,1,40,1
100,19,16,3,37,8
100,19,13,3,62,9
100,19,25,1,50,1
100,19,21,0,66,9
100,19,16,1,59,2
100,19,23,4,22,9
100,19,23,1,54,8
100,19,21,0,60,5
100,19,21,2,48,7
100,19,18,1,56,0
100,19,22,1,48,1
100,19,15,2,62,9
100,19,21,1,39,8
100,19,21,4,54,0
100,19,29,4,40,2
100,19,27,3,41,5
100,19,19,4,50,7
100,19,25,2,54,5
100,19,25,2,49,8
100,19,11,0,54,7
100,19,21,1,49,3
100,19,18,2,54,4
100,19,14,0,66,0
100,19,19,2,56,0
100,19,18,0,45,6
100,19,21,1,45,2
100,19,18,4,59,9
100,19,21,2,50,5
100,19,13,2,50,3
100,19,16,2,63,9
100,19,19,0,57,0
100,19,20,2,49,5
100,19,19,2,64,0
100,19,22,1,67,6
100,20,21,1,44,6
100,20,18,2,51,6
100,20,16,0,53,7
100,20,22,0,47,7
100,20,25,2,48,8
100,20,19,0,46,5
100,20,13,3,38,3
100,20,13,9,51,0
100,20,17,4,54,5
100,20,20,1,63,8
100,20,20,4,59,7
100,20,19,1,63,0
100,20,22,4,58,0
100,20,28,1,47,4
100,20,24,1,53,7
100,20,16,2,53,5
100,20,18,3,66,7
100,20,23,1,59,2
100,20,22,3,60,5
100,20,10,1,54,3
100,20,16,3,58,1
100,20,15,0,42,0
100,20,26,0,46,8
100,20,22,4,57,8
100,20,17,1,55,8
100,20,21,3,52,1
100,20,15,1,43,0
100,20,26,4,46,8
100,20,21,0,58,9
100,20,21,4,51,9
100,20,13,2,56,5
100,20,22,3,44,7
100,20,26,3,48,0
100,20,22,3,57,8
100,20,17,1,49,4
100,20,25,4,52,7
100,20,17,3,59,2
100,20,23,0,72,6
100,20,19,2,47,7
100,20,19,1,57,9
100,20,17,0,63,8
100,20,22,2,46,4
100,20,18,0,50,3
100,20,27,2,49,0
100,20,30,4,57,4
100,20,19,1,42,0
100,20,26,3,30,5
100,20,20,1,46,2
100,20,20,0,22,7
100,20,20,1,50,2
100,20,19,0,67,9
100,20,29,3,51,9
100,20,19,2,51,0
100,20,21,4,56,8
100,20,25,3,54,8
100,20,14,4,51,1
100,20,24,1,49,7
100,20,15,1,54,7
100,20,16,4,37,0
100,20,16,1,54,2
100,20,23,0,67,2
100,20,13,5,52,6
100,20,24,2,44,0
100,20,17,1,52,4
100,20,33,3,62,3
100,20,25,2,58,7
100,20,16,1,47,6
100,20,16,1,67,3
100,20,12,0,55,9
100,20,33,2,56,1
100,20,18,1,57,6
100,20,15,2,40,7
100,20,29,3,37,8
100,20,23,2,45,8
100,20,15,0,46,3
100,20,14,1,57,7
100,20,17,1,63,8
100,20,21,2,28,5
100,20,22,2,60,5
100,20,16,2,55,0
100,20,21,2,50,5
100,20,22,3,58,8
100,20,29,3,44,1
100,20,16,1,46,3
100,20,15,1,73,8
100,20,19,1,40,8
100,20,26,3,65,1
100,20,18,2,51,4
100,20,18,3,53,7
100,20,15,1,60,4
100,20,19,0,58,0
100,20,24,4,54,6
100,20,15,1,66,0
100,20,26,2,51,8
100,20,15,1,47,3
100,20,23,1,68,4
100,20,21,1,37,7
100,20,26,1,39,6
100,20,19,2,74,9
100,20,28,2,62,0
